,1,2,3,4,5,6,7,8,9,10,11,12,13,14,15,16,17,18,19,20,21,22,23,24,25,26,27
0,E,V,Q,L,V,E,S,G,G,,G,L,V,Q,P,G,G,S,L,R,L,S,C,A,A,S,positive
1,,,,,,,,,G,,G,S,V,Q,G,G,G,S,L,R,L,S,C,A,I,S,positive
2,,,,,,,,,G,,G,S,V,O,A,G,G,S,L,R,L,S,C,A,S,S,positive
3,,,,,,,,,G,,G,S,V,Q,A,G,G,S,L,R,L,S,C,A,A,S,positive
4,,,,,,,,,G,,G,S,V,Q,A,G,G,S,L,R,L,S,C,T,A,S,positive
5,,,,,,,,,G,,G,S,V,Q,T,G,G,S,L,R,L,S,C,A,V,S,positive
6,,,,,,,,,G,,G,S,V,Q,G,G,G,S,L,R,L,S,C,A,I,S,positive
7,,,,,,,,,G,,G,S,V,Q,A,G,G,S,L,T,L,S,C,V,Y,T,positive
8,,,,,,,,,G,,G,S,V,Q,A,G,G,S,L,R,L,S,C,N,V,S,positive
9,,,,,,,,,G,,G,S,V,E,A,G,G,S,L,R,L,S,C,T,A,S,positive
10,,,,,,,,,G,,G,S,A,Q,A,G,G,S,L,R,L,S,C,A,A,H,positive
11,,,,,,,,,G,,G,S,V,Q,P,G,G,S,L,T,L,S,C,T,V,S,positive
12,,,,,,,,,G,,G,S,V,Q,A,G,G,S,L,R,L,S,C,T,G,S,positive
13,,,,,,,,,G,,G,S,V,Q,A,G,G,S,L,R,L,S,C,A,A,S,positive
14,,,,,,,,,G,,G,S,V,Q,V,G,G,S,L,R,L,S,C,V,A,S,positive
15,,,,,,,,,G,,G,S,V,Q,V,G,G,S,L,K,L,S,C,K,I,S,positive
16,,,,,,,,,G,,G,S,V,Q,A,G,G,S,L,R,L,S,C,N,V,S,positive
17,,,,,,,,,G,,G,S,V,Q,T,G,G,S,L,R,L,S,C,E,I,S,positive
18,,,,,,,,,G,,G,S,V,Q,A,G,G,S,L,R,L,S,C,A,S,S,positive
19,,,,,,,,,G,,G,S,V,Q,A,G,G,S,L,R,L,S,C,V,A,S,positive
20,,,,,,,,,G,,G,S,V,Q,P,G,G,S,L,R,L,S,C,A,A,S,positive
21,,,,,,,,,G,,G,S,V,Q,A,G,D,S,L,K,L,T,C,T,A,S,positive
22,,,,,,,,,G,,G,L,V,Q,S,G,G,S,L,T,L,S,C,E,A,S,positive
23,,,,,,,,,G,,G,D,V,Q,T,G,G,S,L,R,L,S,C,S,V,P,positive
24,,,,,,,,,G,,G,L,V,Q,P,G,G,S,L,R,L,S,C,A,A,S,positive
25,,,,,,,,,G,,G,L,V,Q,P,G,G,S,L,T,L,S,C,K,V,S,positive
26,,,,,,,,,G,,G,L,V,Q,S,G,G,S,L,T,L,S,C,E,A,S,positive
27,,,,,,,,,G,,G,L,V,Q,A,G,G,S,L,R,L,S,C,S,G,S,positive
28,,,,,,,,,G,,G,L,V,Q,T,G,G,S,L,R,L,S,C,A,A,S,positive
29,,,,,,,,,G,,G,L,V,R,P,G,G,S,L,R,L,S,C,A,A,S,positive
30,,,,,,,,,G,,G,L,V,Q,A,G,D,S,L,S,P,S,C,R,P,S,positive
31,,,,,,,,,G,,G,S,V,Q,T,G,G,S,L,R,V,S,C,A,A,S,positive
32,,,,,,,,,G,,G,S,V,Q,P,G,G,S,L,R,L,S,C,V,A,S,positive
33,,,,,,,,,G,,D,L,V,Q,A,G,G,S,L,K,L,S,C,A,A,T,positive
34,,,,,,,,,G,,G,S,V,Q,A,G,E,S,L,R,L,S,C,V,A,S,positive
35,,,,,,,,,G,,G,L,V,Q,P,G,G,S,L,R,L,S,C,V,A,A,positive
36,,,,,,,,,G,,G,S,V,Q,A,G,G,S,L,R,L,S,C,A,A,S,positive
37,,,,,,,,,G,,G,S,V,K,A,G,G,S,L,T,L,S,C,K,V,S,positive
38,,,,,,,,,G,,G,S,V,Q,A,G,G,S,l,K,L,S,C,L,G,S,positive
39,,,,,,,,,G,,G,S,V,E,A,G,G,S,L,N,I,S,C,V,V,S,positive
40,,,,,,,,,G,,G,V,V,Q,P,G,V,S,L,G,L,S,C,A,A,S,positive
41,,,,,,,,,G,,G,S,G,Q,A,G,G,S,L,R,L,S,C,H,V,S,positive
42,,,,,,,,,G,,G,T,V,Q,A,G,G,S,L,R,L,S,C,V,G,S,positive
43,,,,,,,,,G,,G,S,V,Q,A,G,G,S,L,R,L,S,C,A,A,S,positive
44,,,,,,,,,G,,G,S,V,Q,A,G,G,S,L,S,L,S,C,A,A,S,positive
45,,,,,,,,,G,,G,S,V,Q,A,G,G,S,L,R,L,A,C,A,A,S,positive
46,,,,,,,,,G,,G,S,V,Q,A,G,G,T,L,R,L,S,C,V,G,S,positive
47,,,,,,,,,G,,G,S,V,Q,A,G,G,S,L,R,L,S,C,V,H,S,positive
48,,,,,,,,,G,,G,S,V,Q,A,G,G,S,L,R,L,P,C,L,I,S,positive
49,,,,,,,,,G,,G,S,V,Q,A,G,G,S,L,R,L,S,C,T,T,T,positive
50,,,,,,,,,G,,G,S,V,E,A,G,G,S,L,R,L,S,C,T,R,S,positive
51,,,,,,,,,G,,G,S,V,Q,A,G,G,S,A,T,L,S,C,T,V,S,positive
52,,,,,,,,,G,,G,S,V,Q,A,G,G,S,L,R,L,S,C,S,A,S,positive
53,,,,,,,,,G,,G,S,V,Q,A,G,G,S,L,T,L,S,C,T,A,S,positive
54,,,,,,,,,G,,G,L,V,Q,P,G,G,S,L,R,L,S,C,A,A,S,positive
55,,,,,,,,,G,,G,L,V,Q,P,G,G,S,L,R,L,S,C,A,A,S,positive
56,,,,,,,,,G,,G,L,V,Q,P,G,G,S,L,R,L,S,C,A,A,S,positive
57,,,,,,,,,G,,G,L,V,Q,P,G,R,S,L,R,V,S,Y,A,A,S,positive
58,,,,,,,,,G,,G,L,V,Q,P,G,G,S,L,R,V,S,C,A,A,S,positive
59,,,,,,,,,G,,G,L,V,Q,P,G,G,S,L,R,L,S,C,A,A,S,positive
60,A,V,Q,L,V,E,S,G,G,,G,S,V,Q,A,G,G,S,L,R,L,S,C,A,A,S,positive
61,A,V,Q,L,V,E,S,G,G,,G,S,V,Q,A,G,G,S,L,R,L,S,C,A,A,S,positive
62,A,V,Q,L,V,E,S,G,G,,G,S,V,Q,A,G,G,S,L,R,L,S,C,A,A,S,positive
63,A,V,Q,L,V,D,S,G,G,,G,S,V,Q,A,G,G,S,L,R,L,S,C,A,A,S,positive
64,E,V,Q,L,V,E,S,G,G,,G,L,V,Q,P,G,G,S,L,R,L,S,C,A,A,S,positive
65,E,V,Q,L,V,E,S,G,G,,G,L,V,Q,P,G,G,S,L,R,L,S,C,A,A,S,positive
66,Q,V,Q,L,V,E,S,G,G,,G,S,V,Q,A,G,G,S,L,R,L,S,C,A,A,S,positive
67,Q,V,Q,L,V,E,S,G,G,,G,S,V,Q,A,G,G,S,L,R,L,S,C,A,A,S,positive
68,Q,V,Q,L,V,E,S,G,G,,G,S,V,Q,A,G,G,S,L,R,L,S,C,A,A,S,positive
69,E,V,Q,L,V,E,S,G,G,,D,L,V,Q,H,G,G,S,L,R,L,S,C,A,A,S,positive
70,D,V,Q,L,V,E,S,G,G,,G,S,V,Q,A,G,G,S,L,R,L,S,C,A,A,S,positive
71,D,V,Q,L,V,E,S,G,G,,G,S,V,Q,A,G,G,S,L,R,L,S,C,A,A,S,positive
72,Q,V,Q,L,V,E,S,G,G,,G,S,V,Q,A,G,G,S,L,K,L,S,C,A,A,S,positive
73,Q,V,Q,L,V,E,S,G,G,,G,S,V,Q,A,G,G,S,L,K,L,S,C,A,A,S,positive
74,Q,V,Q,L,V,E,S,G,G,,G,S,V,Q,A,G,G,S,L,K,L,S,C,A,A,S,positive
75,E,V,Q,L,V,E,S,G,G,,G,L,V,Q,P,G,G,S,L,R,L,S,C,A,A,S,positive
76,E,V,Q,L,V,E,S,G,G,,G,L,V,Q,P,G,G,S,L,R,L,S,C,A,A,S,positive
77,E,V,Q,L,V,E,S,G,G,,G,S,V,Q,A,G,G,S,L,R,L,S,C,A,A,S,positive
78,E,V,Q,L,V,E,S,G,G,,G,S,V,Q,A,G,G,S,L,R,L,S,C,A,A,S,positive
79,Q,V,Q,L,V,E,S,G,G,,G,S,V,Q,A,G,G,S,L,R,L,S,C,A,A,S,positive
80,E,V,Q,L,V,E,S,G,G,,G,S,V,Q,A,G,G,S,L,R,L,S,C,A,A,S,positive
81,E,V,Q,L,V,E,S,G,G,,G,S,V,Q,A,G,G,S,L,R,L,S,C,A,A,S,positive
82,E,V,Q,L,V,E,S,G,G,,G,S,V,Q,A,G,G,S,L,R,L,S,C,A,A,S,positive
83,E,V,Q,L,V,E,S,G,G,,G,S,V,Q,A,G,G,S,L,R,L,S,C,A,A,S,positive
84,E,V,Q,L,V,E,S,G,G,,G,S,V,Q,A,G,G,S,L,R,L,S,C,A,A,S,positive
85,E,V,Q,L,V,E,S,G,G,,G,S,V,Q,A,G,G,S,L,R,L,S,C,A,A,S,positive
86,D,V,Q,L,V,E,S,G,G,,G,S,V,Q,A,G,G,S,L,R,L,S,C,A,A,S,positive
87,Q,V,Q,L,V,E,S,G,G,,G,S,V,Q,A,G,G,S,L,R,L,S,C,A,A,S,positive
88,E,V,Q,L,V,E,S,G,G,,G,S,V,Q,A,G,G,S,L,R,L,S,C,A,A,S,positive
89,D,V,Q,L,V,E,S,G,G,,G,L,V,Q,A,G,G,S,L,R,L,S,C,A,A,S,positive
90,Q,V,Q,L,V,E,S,G,G,,G,S,V,Q,A,G,G,S,L,K,L,S,C,A,A,S,positive
91,E,V,Q,L,V,E,S,G,G,,G,S,V,Q,A,G,G,S,L,R,L,S,C,A,A,S,positive
92,Q,V,K,L,E,E,S,G,G,,G,S,V,Q,A,G,G,S,L,R,L,S,C,T,A,P,positive
93,E,V,Q,L,V,E,S,G,G,,G,L,V,Q,P,G,G,S,L,R,L,S,C,A,A,S,positive
94,Q,V,Q,L,V,E,S,G,G,,G,S,V,Q,A,G,G,S,L,K,L,S,C,T,A,P,positive
95,Q,V,Q,L,V,E,S,G,G,,G,S,V,Q,A,G,G,S,L,R,L,S,C,T,A,P,positive
96,E,V,Q,L,V,E,S,G,G,,G,S,V,Q,A,G,G,S,L,R,L,S,C,T,A,P,positive
97,Q,V,Q,L,V,E,S,G,G,,G,S,V,Q,A,G,G,S,L,R,L,S,C,T,A,P,positive
98,Q,V,Q,L,V,E,S,G,G,,G,S,V,Q,A,G,G,S,L,R,L,S,C,T,A,P,positive
99,Q,V,Q,L,V,E,S,G,G,,G,S,V,Q,A,G,G,S,L,R,L,S,C,T,A,P,positive
100,Q,V,Q,L,V,E,S,G,G,,G,S,V,Q,A,G,G,S,L,R,L,S,C,T,A,P,positive
101,E,V,Q,L,V,E,S,G,G,,G,L,V,Q,P,G,G,S,L,R,L,S,C,A,A,S,positive
102,E,V,Q,L,V,E,S,G,G,,G,L,V,Q,P,G,G,S,L,R,L,S,C,A,A,S,positive
103,E,V,Q,L,V,E,S,G,G,,G,L,V,Q,P,G,G,S,L,R,L,S,C,A,A,S,positive
104,Q,V,Q,L,V,E,S,G,G,,G,L,V,Q,P,G,G,S,L,R,L,S,C,A,A,S,positive
105,E,V,Q,L,V,E,S,G,G,,G,L,V,Q,P,G,G,S,L,R,L,S,C,A,A,S,positive
106,E,V,Q,L,V,E,S,G,G,,G,L,V,Q,P,G,G,S,L,R,L,S,C,A,A,S,positive
107,E,V,Q,L,V,E,S,G,G,,G,L,V,Q,P,G,G,S,L,R,L,S,C,A,A,S,positive
108,E,V,Q,L,V,E,S,G,G,,G,L,V,Q,P,G,G,S,L,R,L,S,C,A,A,S,positive
109,E,V,Q,L,V,E,S,G,G,,G,L,V,Q,P,G,G,S,L,R,L,S,C,A,A,S,positive
110,E,V,Q,L,V,E,S,G,G,,G,L,V,Q,P,G,G,S,L,R,L,S,C,A,A,S,positive
111,E,V,Q,L,V,E,S,G,G,,G,L,V,Q,P,G,G,S,L,R,L,S,C,A,A,S,positive
112,E,V,Q,L,V,E,S,G,G,,G,L,V,Q,P,G,G,S,L,R,L,S,C,A,A,S,positive
113,E,V,Q,L,V,E,S,G,G,,G,L,V,Q,P,G,G,S,L,R,L,S,C,A,A,S,positive
114,E,V,Q,L,V,E,S,G,G,,G,L,V,Q,P,G,G,S,L,R,L,S,C,A,A,S,positive
115,E,V,Q,L,V,E,S,G,G,,G,L,V,Q,P,G,G,S,L,R,L,S,C,A,A,S,positive
116,E,V,Q,L,V,E,S,G,G,,G,L,V,Q,P,G,G,S,L,R,L,S,C,A,A,S,positive
117,E,V,Q,L,V,E,S,G,G,,G,L,V,Q,P,G,G,S,L,R,L,S,C,A,A,S,positive
118,E,V,Q,L,V,E,S,G,G,,G,L,V,Q,P,G,G,S,L,R,L,S,C,A,A,S,positive
119,E,V,Q,L,V,E,S,G,G,,G,L,V,Q,P,G,G,S,L,R,L,S,C,A,A,S,positive
120,A,V,Q,L,V,E,S,G,G,,G,S,V,Q,A,G,G,S,L,R,L,S,C,A,A,S,positive
121,Q,V,Q,L,V,E,S,G,G,,G,S,V,Q,A,G,G,S,L,R,L,S,C,A,A,S,positive
122,Q,V,Q,L,V,E,S,G,G,,G,S,V,Q,A,G,G,S,L,R,L,S,C,A,A,S,positive
123,A,V,Q,L,V,E,S,G,G,,G,L,V,Q,P,G,G,S,L,R,L,S,C,A,A,S,positive
124,E,V,Q,L,V,E,S,G,G,,G,L,V,Q,P,G,G,S,L,R,L,S,C,A,A,S,positive
125,E,V,Q,L,V,E,S,G,G,,G,L,V,Q,P,G,G,S,L,R,L,S,C,A,A,S,positive
126,Q,V,Q,L,V,E,S,G,G,,G,S,V,Q,A,G,G,S,L,R,L,S,C,A,A,S,positive
127,E,V,Q,L,V,E,S,G,G,,G,L,V,Q,P,G,G,S,L,R,L,S,C,A,A,S,positive
128,E,V,Q,L,V,E,S,G,G,,G,L,V,Q,P,G,G,S,L,R,L,S,C,A,A,S,positive
129,E,V,Q,L,V,E,S,G,G,,G,L,V,Q,P,G,G,S,L,R,L,S,C,A,A,S,positive
130,E,V,Q,L,V,E,S,G,G,,G,L,V,Q,P,G,G,S,L,R,L,S,C,A,A,S,positive
131,A,V,Q,L,V,E,S,G,G,,G,L,V,Q,P,G,G,S,L,R,L,S,C,A,A,S,positive
132,E,V,Q,L,V,E,S,G,G,,G,L,V,Q,P,G,G,S,L,R,L,S,C,A,A,S,positive
133,E,V,Q,L,V,E,S,G,G,,G,L,V,Q,P,G,G,S,L,R,L,S,C,A,A,S,positive
134,E,V,Q,L,V,E,S,G,G,,G,L,V,Q,P,G,G,S,L,R,L,S,C,A,A,S,positive
135,E,V,Q,L,V,E,S,G,G,,G,L,V,Q,P,G,G,S,L,R,L,S,C,A,A,S,positive
136,E,V,Q,L,V,E,S,G,G,,G,L,V,Q,P,G,G,S,L,R,L,S,C,A,A,S,positive
137,E,V,Q,L,V,E,S,G,G,,G,L,V,Q,P,G,G,S,L,R,L,S,C,A,A,S,positive
138,E,V,Q,L,V,E,S,G,G,,G,L,V,Q,P,G,G,S,L,R,L,S,C,A,A,S,positive
139,E,V,Q,L,V,E,S,G,G,,G,L,V,Q,P,G,G,S,L,R,L,S,C,A,A,S,positive
140,E,V,Q,L,V,E,S,G,G,,G,L,V,Q,P,G,G,S,L,R,L,S,C,A,A,S,positive
141,E,V,Q,L,V,E,S,G,G,,G,L,V,Q,P,G,G,S,L,R,L,S,C,A,A,S,positive
142,E,V,Q,L,V,E,S,G,G,,G,L,V,Q,P,G,G,S,L,R,L,S,C,A,A,S,positive
143,E,V,Q,L,V,E,S,G,G,,G,L,V,Q,P,G,G,S,L,R,L,S,C,A,A,S,positive
144,E,V,Q,L,V,E,S,G,G,,G,L,V,Q,P,G,G,S,L,R,L,S,C,A,A,S,positive
145,E,V,Q,L,V,E,S,G,G,,G,L,V,Q,P,G,G,S,L,R,L,S,C,A,A,S,positive
146,E,V,Q,L,V,E,S,G,G,,G,L,V,Q,P,G,G,S,L,R,L,S,C,A,A,S,positive
147,E,V,Q,L,V,E,S,G,G,,G,L,V,Q,P,G,G,S,L,R,L,S,C,A,A,S,positive
148,A,V,Q,L,V,E,S,G,G,,G,L,V,Q,P,G,G,S,L,R,L,S,C,A,A,S,positive
149,E,V,Q,L,V,E,S,G,G,,G,L,V,Q,P,G,G,S,L,R,L,S,C,A,A,S,positive
150,E,V,Q,L,V,E,S,G,G,,G,S,V,Q,A,G,G,S,L,R,L,S,C,A,A,S,positive
151,E,V,Q,L,V,E,S,G,G,,G,L,V,Q,P,G,G,S,L,R,L,S,C,A,A,S,positive
152,Q,V,Q,L,Q,E,S,G,G,,G,L,V,Q,A,G,G,S,L,R,L,S,C,A,A,S,positive
153,Q,V,Q,L,Q,E,S,G,G,,G,L,V,Q,A,G,G,S,L,T,L,S,C,A,A,S,positive
154,Q,V,Q,L,Q,E,S,G,G,,R,S,V,Q,S,G,G,S,L,R,L,S,C,A,A,S,positive
155,Q,V,Q,L,Q,E,S,G,G,,E,L,V,Q,P,G,G,S,L,K,L,S,C,A,A,S,positive
156,Q,V,Q,L,Q,E,S,G,G,,G,L,V,Q,A,G,G,S,L,R,L,S,C,A,A,S,positive
157,Q,V,Q,L,Q,Q,S,G,G,,G,L,V,Q,A,G,D,S,L,R,L,S,C,E,A,S,positive
158,Q,V,Q,L,Q,E,S,G,G,,G,L,V,Q,A,G,G,S,L,R,L,S,C,A,A,S,positive
159,Q,V,Q,L,Q,E,S,G,G,,G,L,V,Q,P,G,G,S,L,R,L,S,C,A,A,S,positive
160,Q,V,Q,L,Q,E,S,G,G,,G,L,V,Q,A,G,E,S,L,K,L,S,C,A,A,S,positive
161,,,,L,Q,E,S,G,G,,G,L,V,Q,A,G,G,S,L,R,L,S,C,A,A,S,positive
162,,,,L,Q,E,S,G,G,,G,L,V,Q,P,G,G,S,L,K,L,S,C,A,V,F,positive
163,,,,L,Q,E,S,G,G,,G,L,V,Q,P,G,G,S,L,R,L,S,C,A,A,S,positive
164,,,,L,Q,E,S,G,G,,G,L,V,Q,P,G,G,S,L,R,L,S,C,A,A,S,positive
165,,,,L,Q,E,S,G,G,,G,W,V,Q,P,G,G,S,L,R,L,S,C,A,A,S,positive
166,,,,L,Q,E,S,G,G,,G,L,V,Q,P,G,G,S,L,R,L,S,C,A,A,T,positive
167,,,,L,Q,E,S,G,G,,G,S,V,Q,A,G,G,S,L,R,L,S,C,V,A,S,positive
168,,,,L,Q,E,S,G,G,,G,L,V,Q,A,G,G,S,L,R,L,S,C,A,A,S,positive
169,,,,L,Q,E,S,G,G,,G,L,V,Q,P,G,G,S,L,R,L,S,C,A,A,S,positive
170,,,,L,Q,E,S,G,G,,G,L,V,Q,T,G,G,S,L,T,L,S,C,T,A,S,positive
171,,,,L,Q,E,S,G,G,,G,L,V,Q,P,G,G,S,L,R,L,S,C,A,A,S,positive
172,,,,L,Q,E,S,G,G,,G,L,V,Q,A,G,G,S,L,R,L,S,C,A,A,S,positive
173,,,,L,Q,E,S,G,G,,G,L,V,Q,A,G,G,S,L,R,L,S,C,G,A,S,positive
174,,,,L,Q,E,S,G,G,,G,L,V,Q,A,G,G,S,L,R,L,S,C,V,A,Q,positive
175,,,,L,Q,Q,S,G,G,,G,F,V,Q,P,G,G,S,L,R,L,S,C,T,A,S,positive
176,,,,L,Q,E,S,G,G,,G,L,V,Q,A,G,G,S,L,R,L,S,C,T,A,S,positive
177,,,,L,Q,E,S,G,G,,G,L,V,R,P,G,E,S,L,R,L,S,C,V,V,S,positive
178,,,,L,Q,E,S,G,G,,G,L,V,Q,A,G,G,S,L,R,L,S,C,V,A,S,positive
179,,,,L,Q,Q,S,G,G,,G,L,V,Q,A,G,G,S,L,R,L,T,C,A,A,T,positive
180,,,,L,Q,E,S,G,G,,G,L,V,Q,A,G,G,S,L,R,L,S,C,V,A,S,positive
181,,,,L,Q,E,S,G,G,,G,L,V,Q,P,G,G,S,L,R,L,S,C,A,A,S,positive
182,,,,L,Q,E,S,G,G,,G,S,V,Q,P,G,G,S,L,R,L,S,C,S,T,S,positive
183,,,,L,Q,Q,S,G,G,,R,S,V,Q,A,G,G,S,L,R,L,A,C,T,A,S,positive
184,,,,L,Q,Q,S,G,G,,G,L,V,H,A,G,G,S,M,R,L,S,C,A,A,P,positive
185,,,,L,Q,E,S,G,G,,G,L,V,Q,A,G,G,S,L,R,L,S,C,V,A,S,positive
186,,,,L,Q,E,S,G,G,,G,L,V,Q,A,G,G,S,L,R,L,S,C,A,A,S,positive
187,,,,L,Q,E,S,G,G,,G,L,V,Q,A,G,G,S,L,R,L,S,C,A,A,S,positive
188,,,,L,Q,E,S,G,G,,G,L,V,Q,P,G,G,S,L,R,L,S,C,A,A,T,positive
189,,,,L,Q,E,S,G,G,,G,L,V,Q,A,G,N,S,L,R,L,S,C,A,A,S,positive
190,,,,L,Q,E,S,G,G,,G,L,V,Q,A,G,G,S,L,K,L,S,C,A,A,P,positive
191,,,,L,Q,E,S,G,G,,G,L,V,Q,T,G,G,S,L,R,L,S,C,T,A,S,positive
192,,,,L,Q,Q,S,G,G,,G,L,V,Q,P,G,G,S,L,R,L,S,C,A,A,S,positive
193,,,,L,Q,E,S,G,G,,G,L,V,Q,T,G,G,S,L,K,L,S,C,A,A,S,positive
194,,,,L,Q,E,S,G,G,,G,L,V,Q,P,G,G,S,L,R,L,S,C,A,A,S,positive
195,,,,L,Q,E,S,G,G,,G,L,V,Q,A,G,G,S,L,R,L,S,C,A,A,S,positive
196,,,,L,Q,Q,S,G,G,,G,L,V,Q,A,G,G,S,L,R,L,S,C,A,A,S,positive
197,,,,L,Q,E,S,G,G,,G,L,V,Q,A,G,G,S,L,R,L,S,C,A,A,S,positive
198,,,,L,Q,E,S,G,G,,G,L,V,Q,P,G,G,S,L,R,L,S,C,A,A,S,positive
199,,,,L,Q,E,S,G,G,,G,L,V,Q,T,G,A,S,L,R,L,S,C,V,A,S,positive
200,,,,L,Q,E,S,G,G,,G,S,V,Q,P,G,G,S,L,R,L,S,C,A,T,S,positive
201,,,,L,Q,E,S,G,G,,G,L,V,P,T,G,G,S,L,T,L,S,C,E,V,S,positive
202,,,,L,Q,E,S,G,G,,G,V,V,Q,P,G,E,S,L,T,L,S,C,V,A,S,positive
203,,,,L,Q,E,S,G,G,,N,F,M,Q,A,G,G,S,V,R,L,S,C,A,A,S,positive
204,,,,L,Q,E,S,G,G,,G,L,V,Q,A,G,G,S,L,K,L,S,C,E,T,S,positive
205,,,,L,Q,E,S,G,G,,G,L,V,Q,A,G,G,S,L,R,I,S,C,S,A,S,positive
206,,,,L,Q,E,S,G,G,,G,L,V,Q,A,G,G,S,L,R,L,S,C,A,A,S,positive
207,,,,L,Q,E,S,G,G,,G,L,V,Q,A,G,G,S,L,R,L,S,C,A,A,S,positive
208,,,,L,Q,E,S,G,G,,G,L,V,E,A,G,G,S,L,R,L,S,C,V,A,S,positive
209,,,,L,Q,E,S,G,G,,G,L,V,Q,P,G,G,S,L,R,L,S,C,A,A,S,positive
210,,,,L,Q,Q,S,G,G,,G,S,V,Q,A,G,G,S,L,R,L,S,C,A,A,S,positive
211,,,,L,Q,E,S,G,G,,G,L,V,Q,T,G,G,S,L,R,L,S,C,A,T,S,positive
212,,,,L,Q,E,S,G,G,,G,T,V,E,A,G,G,S,L,R,L,S,C,A,A,S,positive
213,,,,L,Q,E,S,G,G,,G,L,V,Q,A,G,G,S,L,R,L,S,C,A,A,S,positive
214,,,,L,Q,Q,S,G,G,,G,L,V,Q,A,G,D,S,L,R,L,S,C,T,Y,S,positive
215,,,,L,Q,E,S,G,G,,G,L,G,Q,A,G,G,S,L,R,L,S,C,A,A,S,positive
216,,,,L,Q,E,S,G,G,,G,L,V,P,A,G,G,S,L,R,V,S,C,A,A,S,positive
217,,,,L,Q,Q,S,G,G,,A,L,V,Q,P,G,G,S,L,R,L,S,C,E,A,S,positive
218,,,,L,Q,E,S,G,G,,G,L,V,Q,A,G,S,S,L,T,L,A,C,A,A,S,positive
219,,,,L,Q,E,S,G,G,,G,L,V,Q,V,G,D,S,L,R,L,S,C,A,S,S,positive
220,,,,L,Q,Q,S,G,G,,G,L,V,Q,A,G,G,S,L,R,L,S,C,V,A,S,positive
221,,,,L,Q,E,S,G,G,,G,L,V,Q,P,G,G,S,L,R,L,S,C,A,A,S,positive
222,,,,L,Q,E,S,G,G,,G,L,V,Q,P,G,G,S,L,R,L,S,C,T,E,S,positive
223,,,,L,Q,E,S,G,G,,G,L,V,Q,A,G,G,S,L,R,L,S,C,A,A,S,positive
224,,,,L,Q,E,S,G,G,,G,L,V,Q,A,G,G,S,L,R,L,S,C,A,A,S,positive
225,,,,L,Q,E,S,G,G,,G,L,V,Q,L,G,G,S,L,R,L,S,C,A,A,S,positive
226,,,,L,Q,E,S,G,G,,G,L,V,Q,A,G,G,S,L,R,L,S,C,A,T,S,positive
227,,,,L,Q,E,S,G,G,,G,L,V,Q,A,G,G,S,L,N,L,S,C,T,A,V,positive
228,,,,L,Q,Q,S,G,G,,G,L,V,Q,P,G,G,S,L,R,L,S,C,A,A,S,positive
229,,,,L,Q,E,S,G,G,,G,L,V,Q,A,G,G,S,L,R,L,A,C,A,A,S,positive
230,,,,L,Q,Q,S,G,G,,G,W,V,Q,A,G,G,S,L,R,L,S,C,A,A,S,positive
231,,,,L,Q,E,S,G,G,,G,L,V,Q,A,G,G,S,L,T,L,S,C,E,I,S,positive
232,,,,L,Q,E,S,G,G,,G,W,V,Q,P,G,G,S,L,T,L,S,C,D,A,S,positive
233,,,,L,Q,E,S,G,G,,G,L,V,Q,A,G,G,S,L,R,L,S,C,A,A,S,positive
234,,,,L,Q,E,S,G,G,,G,L,V,Q,A,G,G,S,L,R,L,S,C,V,A,S,positive
235,,,,L,Q,E,S,G,G,,G,L,V,Q,A,G,G,S,L,R,L,S,C,A,A,S,positive
236,,,,L,Q,Q,S,G,G,,G,L,V,Q,A,G,G,S,L,R,L,S,C,A,A,S,positive
237,,,,L,Q,E,S,G,G,,D,L,V,Q,P,G,G,S,L,R,L,S,C,V,A,P,positive
238,,,,L,Q,E,S,G,G,,G,L,V,Q,P,G,G,S,L,K,L,S,C,A,A,S,positive
239,,,,L,Q,E,S,G,G,,G,L,V,Q,A,G,G,S,L,R,L,S,C,D,F,E,positive
240,,,,L,Q,E,S,G,G,,G,L,V,Q,A,G,G,S,L,K,L,S,C,A,A,S,positive
241,,,,L,Q,E,S,G,G,,G,L,V,Q,A,G,G,S,L,K,L,S,C,V,A,S,positive
242,,,,L,Q,E,S,G,G,,G,L,V,Q,A,G,D,S,L,K,L,S,C,V,A,S,positive
243,,,,L,Q,E,S,G,G,,G,L,V,Q,A,G,E,S,L,R,L,S,C,A,A,S,positive
244,,,,L,Q,E,S,G,G,,G,L,V,Q,A,G,D,S,L,R,L,A,C,A,A,S,positive
245,,,,L,Q,E,S,G,G,,G,L,V,Q,A,G,G,S,L,R,I,S,C,A,A,S,positive
246,,,,L,Q,E,S,G,G,,G,L,V,Q,S,G,G,S,L,K,L,S,C,A,A,S,positive
247,,,,L,Q,E,S,G,G,,G,S,V,P,V,G,G,S,L,R,L,S,C,V,A,S,positive
248,,,,L,Q,E,S,G,G,,G,L,V,Q,A,G,G,S,L,R,L,S,C,V,A,S,positive
249,,,,L,Q,E,S,G,G,,G,L,V,Q,A,G,G,S,L,K,L,S,C,T,A,S,positive
250,,,,L,Q,E,S,G,G,,G,L,A,Q,P,G,G,S,L,R,L,S,C,V,A,S,positive
251,,,,L,Q,E,S,G,G,,G,L,V,Q,A,G,G,S,L,T,L,S,C,A,V,S,positive
252,,,,L,Q,E,S,G,G,,G,L,V,Q,T,G,G,S,L,R,L,S,C,A,A,P,positive
253,,,,L,Q,E,S,G,G,,D,L,V,Q,A,G,G,S,L,R,L,S,C,A,A,S,positive
254,,,,L,Q,E,S,G,G,,G,L,V,Q,A,G,G,S,L,R,L,S,C,A,A,S,positive
255,,,,L,Q,Q,S,G,G,,G,S,V,Q,P,G,G,S,L,R,L,S,C,A,A,S,positive
256,,,,L,Q,E,S,G,G,,G,S,V,Q,A,G,G,S,L,R,L,S,C,T,A,S,positive
257,,,,L,Q,E,S,G,G,,G,L,V,Q,A,G,G,S,L,R,L,S,C,A,A,S,positive
258,,,,L,Q,E,S,G,G,,G,S,V,Q,A,G,G,S,L,R,L,S,C,A,A,S,positive
259,,,,L,Q,E,S,G,G,,G,L,V,Q,P,G,G,S,L,R,L,S,C,V,A,S,positive
260,,,,L,Q,E,S,G,G,,G,L,V,Q,A,G,G,S,L,R,L,S,C,T,A,S,positive
261,,,,L,Q,A,S,G,G,,G,S,V,Q,A,G,G,S,L,R,L,S,C,S,V,S,positive
262,,,,L,Q,A,S,G,G,,G,L,V,Q,A,G,G,S,L,R,L,S,C,A,A,S,positive
263,,,,L,Q,A,S,G,G,,G,L,V,Q,A,G,G,S,L,R,L,S,C,A,A,S,positive
264,,,,L,Q,A,S,G,G,,G,S,V,Q,A,G,G,S,L,T,L,S,C,A,A,S,positive
265,,,,L,Q,A,S,G,G,,G,L,V,Q,P,G,G,S,L,R,L,S,C,A,A,S,positive
266,,,,L,Q,A,S,G,G,,G,L,V,Q,P,G,G,S,L,R,L,S,C,T,,S,positive
267,,,,L,Q,A,S,G,G,,G,L,V,Q,A,G,G,S,L,R,L,S,C,A,Y,S,positive
268,,,,L,Q,A,S,G,G,,G,L,V,Q,A,G,G,S,L,R,L,S,C,A,A,S,positive
269,,,,L,Q,A,S,G,G,,G,L,V,Q,A,G,G,S,L,T,L,S,C,A,A,S,positive
270,,,,L,Q,A,S,G,G,,G,L,V,Q,A,G,D,S,L,R,L,S,C,T,A,S,positive
271,,,,L,Q,A,S,G,G,,G,L,V,Q,A,G,G,S,L,R,L,S,C,A,V,S,positive
272,,,,L,Q,A,S,G,G,,G,L,V,Q,A,G,G,S,L,R,L,S,C,V,A,S,positive
273,,,,L,Q,A,S,G,G,,G,L,V,Q,A,G,G,S,L,R,L,S,C,A,A,S,positive
274,,,,L,Q,A,S,G,G,,G,L,V,Q,T,G,G,S,L,R,L,S,C,V,V,S,positive
275,,,,L,Q,A,S,G,G,,G,L,V,Q,I,G,G,S,L,R,L,S,C,A,A,S,positive
276,,,,L,Q,A,S,G,G,,G,L,V,Q,A,G,G,S,V,R,L,T,C,A,A,S,positive
277,,,,L,Q,A,S,G,G,,G,L,V,Q,A,G,G,S,L,R,L,S,C,A,A,S,positive
278,,,,L,Q,E,S,G,G,,G,L,V,Q,A,G,G,S,L,K,L,S,C,T,A,S,positive
279,,,,L,Q,E,S,G,G,,G,L,V,Q,P,G,E,S,L,R,L,S,C,A,A,S,positive
280,,,,L,Q,E,S,G,G,,G,L,V,Q,A,G,G,S,L,R,L,S,C,A,A,S,positive
281,,,,L,Q,E,S,G,G,,G,V,V,L,A,G,G,S,L,R,L,S,C,T,V,S,positive
282,,,,L,Q,E,S,G,G,,G,L,V,Q,A,G,G,S,L,R,L,S,C,A,A,S,positive
283,,,,L,Q,E,S,G,G,,G,L,V,H,T,G,E,S,L,R,L,S,C,A,A,S,positive
284,,,,L,Q,E,S,G,G,,G,S,V,Q,P,G,G,S,L,R,L,S,C,A,A,A,positive
285,,,,L,Q,E,S,G,G,,G,L,V,Q,P,G,G,S,L,R,L,R,C,F,A,A,positive
286,,,,L,Q,E,S,G,G,,G,L,V,Q,A,G,G,S,L,R,L,S,C,A,A,S,positive
287,,,,L,Q,E,S,G,G,,G,L,V,Q,A,G,G,S,L,A,L,S,C,A,A,S,positive
288,,,,L,Q,E,S,G,G,,G,L,V,Q,P,G,G,S,L,R,L,S,C,E,A,S,positive
289,,,,L,Q,E,S,G,G,,G,L,V,Q,P,G,G,S,L,T,L,S,C,S,A,S,positive
290,,,,L,Q,E,S,G,G,,G,L,V,Q,P,G,G,S,L,K,L,S,C,A,A,T,positive
291,,,,L,Q,E,S,G,G,,G,L,V,Q,A,G,D,S,L,R,L,S,C,A,A,S,positive
292,,,,L,Q,E,S,G,G,,G,L,V,Q,A,G,G,S,L,R,L,S,C,A,A,S,positive
293,,,,L,Q,E,S,G,G,,G,L,V,Q,A,G,G,S,L,T,L,S,C,A,S,S,positive
294,,,,L,Q,Q,S,G,G,,G,L,V,Q,P,G,E,S,L,R,V,S,C,A,A,S,positive
295,,,,L,Q,E,S,G,G,,G,L,V,Q,P,G,G,S,L,R,L,S,C,V,A,S,positive
296,,,,L,Q,E,S,G,G,,G,L,V,Q,P,G,G,S,L,R,L,S,C,A,A,S,positive
297,,,,L,Q,E,S,G,G,,G,L,V,Q,P,G,G,S,L,R,I,S,C,V,A,S,positive
298,,,,L,Q,Q,S,G,G,,G,L,V,Q,P,G,E,S,L,R,L,S,C,S,T,S,positive
299,,,,L,Q,E,S,G,G,,G,L,V,Q,P,G,G,S,L,R,L,S,C,A,A,S,positive
300,,,,L,Q,E,S,G,G,,G,L,V,Q,P,G,G,S,L,R,L,S,C,A,A,S,positive
301,,,,L,Q,E,S,G,G,,G,L,V,Q,P,G,G,S,L,K,L,S,C,A,A,S,positive
302,,,,L,Q,E,S,G,G,,D,S,V,Q,P,G,G,S,L,R,L,S,C,A,A,S,positive
303,,,,L,Q,E,S,G,G,,G,L,V,Q,P,G,G,S,L,R,L,S,C,A,A,S,positive
304,,,,L,Q,E,S,G,G,,T,L,V,Q,P,G,G,S,L,R,L,S,C,A,A,S,positive
305,,,,L,Q,E,S,G,G,,G,L,V,H,P,G,G,S,L,R,L,S,C,A,A,S,positive
306,,,,L,Q,E,S,G,G,,G,L,V,H,P,G,G,S,L,R,L,S,C,A,A,S,positive
307,R,S,Q,F,V,E,S,G,G,,G,L,V,Q,P,G,G,S,L,R,L,S,C,T,A,S,positive
308,Q,L,Q,L,V,E,S,G,G,,G,L,V,Q,P,G,G,S,L,Q,L,A,C,E,A,S,positive
309,Y,L,R,I,V,E,S,G,G,,G,L,V,Q,S,G,G,S,L,R,L,S,C,S,A,S,positive
310,E,V,Q,L,V,E,S,G,G,,G,S,V,Q,A,G,G,Y,L,R,L,S,C,A,V,S,positive
311,E,V,R,L,E,E,S,G,G,,G,L,V,Q,A,G,G,S,L,R,L,V,C,V,A,Y,positive
312,Q,V,F,L,E,E,S,G,G,,A,L,V,Q,P,G,D,S,L,R,L,T,C,K,V,S,positive
313,Q,I,Q,L,V,E,S,G,G,,G,L,V,Q,S,G,G,S,L,R,L,S,C,E,V,S,positive
314,Q,E,Q,F,V,E,T,G,G,,G,L,V,Q,P,G,G,S,L,T,L,S,C,S,V,Y,positive
315,Q,E,Q,L,V,E,S,G,G,,G,L,V,Q,P,G,G,S,L,R,L,S,C,A,A,S,positive
316,Q,V,Q,F,V,E,S,G,G,,G,E,V,R,T,G,E,S,L,R,L,S,C,L,A,S,positive
317,Q,V,Q,F,V,E,S,G,G,,D,L,V,Q,P,G,G,S,,R,L,S,C,E,A,S,positive
318,Q,V,Q,L,V,E,S,G,G,,G,F,V,Q,A,G,G,S,L,N,L,S,C,T,A,S,positive
319,Q,V,Q,L,K,E,S,G,G,,G,Y,V,Q,P,G,G,S,L,R,L,S,C,A,A,S,positive
320,Q,L,Q,L,V,E,S,G,G,,G,L,V,Q,P,G,S,S,L,L,L,S,C,S,A,S,positive
321,Q,L,H,F,V,E,S,G,G,,G,S,V,Q,P,G,G,S,L,R,L,T,C,A,A,S,positive
322,Q,F,Q,L,V,E,S,G,G,,G,F,V,Q,P,G,G,S,L,T,L,S,C,V,G,S,positive
323,Q,L,Q,L,A,E,S,G,G,,G,L,V,Q,P,G,G,S,L,R,L,S,C,V,A,S,positive
324,Q,M,H,L,V,E,S,G,G,,G,L,V,Q,P,G,D,S,L,N,L,S,C,T,A,S,positive
325,Q,V,R,P,V,E,S,G,G,,G,S,V,Q,P,G,E,A,L,R,L,S,C,T,Q,P,positive
326,Q,F,Q,L,V,E,S,G,G,,G,L,V,Q,P,G,G,S,L,R,L,S,C,T,A,S,positive
327,Q,L,Q,L,V,E,S,G,G,,G,Q,V,Q,P,G,G,S,L,R,L,S,C,A,T,S,positive
328,Q,L,Q,F,V,E,S,G,G,,D,S,V,Q,P,G,G,S,L,R,L,S,C,V,A,S,positive
329,Q,L,Q,L,V,E,S,G,G,,G,L,V,Q,P,G,G,S,L,R,L,S,C,V,V,S,positive
330,Q,L,Q,L,V,E,S,G,G,,G,L,V,Q,P,G,G,S,L,R,L,S,C,T,V,S,positive
331,Q,V,Q,L,V,E,S,G,G,,G,L,V,Q,P,G,G,S,L,R,L,S,C,V,T,S,positive
332,Q,V,K,L,V,E,S,G,G,,G,F,V,D,A,G,G,S,L,T,L,S,C,A,S,S,positive
333,Q,,Q,L,K,E,S,G,G,,G,L,V,R,P,G,G,S,L,R,L,S,C,A,L,S,positive
334,Q,P,Q,V,A,E,S,G,G,,G,L,V,Q,P,G,G,S,L,T,L,S,C,V,V,T,positive
335,Q,L,Q,L,V,E,T,G,G,,G,V,V,S,P,G,G,S,L,K,L,S,C,T,H,S,positive
336,R,V,Q,L,V,E,S,G,G,,G,L,V,Q,P,G,G,S,L,R,L,S,C,A,T,S,positive
337,E,V,Q,V,A,E,S,G,G,,G,L,V,Q,P,G,G,S,L,R,L,S,C,R,A,S,positive
338,E,V,Q,L,R,E,S,G,G,,G,S,V,Q,A,G,G,S,L,R,L,S,C,E,A,S,positive
339,Q,V,Q,L,V,E,S,G,G,,G,L,V,Q,P,G,G,S,L,R,L,S,C,V,Y,S,positive
340,Q,L,H,V,V,E,S,G,G,,G,L,V,Q,P,G,G,S,L,R,L,S,C,A,A,S,positive
341,Q,L,H,V,V,E,S,G,G,,G,L,V,Q,P,G,G,S,L,R,L,S,C,K,V,S,positive
342,Q,L,Q,L,V,E,S,G,G,,G,L,V,Q,P,G,G,S,L,R,L,S,C,A,A,S,positive
343,Q,L,Q,L,V,E,S,G,G,,G,L,V,Q,P,G,G,S,L,R,L,S,C,A,A,S,positive
344,Q,L,Q,L,V,E,S,G,G,,G,L,V,Q,P,G,G,S,L,R,L,S,C,A,G,S,positive
345,R,L,H,L,V,E,S,G,G,,G,S,V,Q,P,G,G,S,L,R,L,S,C,V,A,S,positive
346,Q,V,E,P,V,E,S,G,G,,G,L,V,Q,P,G,G,S,L,R,L,S,C,T,S,H,positive
347,Q,L,Q,P,A,R,A,G,G,,N,L,V,Q,P,G,G,S,L,R,L,F,C,G,V,S,positive
348,Q,L,Q,L,V,E,S,G,G,,G,L,V,Q,P,G,G,S,L,R,L,S,C,V,A,S,positive
349,E,V,Q,L,V,E,S,G,G,,G,L,V,Q,P,G,G,S,L,R,L,S,C,A,A,S,positive
350,Q,V,Q,L,V,E,S,G,G,,G,L,V,Q,P,G,G,S,L,R,L,S,C,A,A,S,positive
351,E,V,Q,L,V,E,S,G,G,,G,L,V,Q,P,G,G,S,L,R,L,S,C,A,A,S,positive
352,E,V,Q,L,V,E,S,G,G,,G,L,V,Q,P,G,G,S,L,R,L,S,C,A,A,S,positive
353,Q,V,Q,L,V,E,S,G,G,,G,L,V,Q,P,G,G,S,L,R,L,S,C,A,A,S,positive
354,E,V,Q,L,V,E,S,G,G,,G,L,V,Q,P,G,G,S,L,R,L,S,C,A,A,S,positive
355,Q,V,Q,L,V,E,S,G,G,,G,L,V,Q,A,G,G,S,L,R,L,S,C,A,A,S,positive
356,E,V,Q,L,V,E,S,G,G,,G,L,V,Q,P,G,G,S,L,R,L,S,C,A,A,S,positive
357,E,V,Q,V,V,E,S,G,G,,G,L,V,Q,P,G,G,S,L,R,L,S,C,A,A,S,positive
358,Q,L,Q,L,V,E,S,G,G,,G,L,V,Q,P,G,G,S,L,R,L,S,C,A,A,S,positive
359,Q,L,Q,L,V,E,S,G,G,,G,L,V,Q,P,G,G,S,L,R,L,S,C,A,A,S,positive
360,E,V,Q,L,V,E,S,G,G,,G,L,V,Q,P,G,G,S,L,R,L,S,C,A,A,S,positive
361,Q,V,Q,L,V,E,S,G,G,,G,L,V,Q,P,G,V,S,L,R,L,S,C,A,A,S,positive
362,Q,L,Q,L,V,E,S,G,G,,G,L,V,Q,P,G,G,S,L,R,L,S,C,A,A,S,positive
363,Q,V,Q,L,V,E,S,G,G,,G,L,V,Q,P,G,G,S,L,R,L,S,C,A,A,S,positive
364,Q,L,Q,L,V,E,S,G,G,,G,L,V,Q,P,G,G,S,L,R,L,S,C,A,A,S,positive
365,Q,L,Q,L,V,E,S,G,G,,G,L,V,Q,P,G,G,S,L,R,V,S,C,A,A,S,positive
366,Q,L,Q,L,V,E,S,G,G,,G,L,V,Q,P,G,G,S,L,R,V,S,C,A,A,S,positive
367,E,V,R,L,V,E,S,G,G,,G,L,V,Q,P,G,G,S,L,R,L,S,C,A,A,S,positive
368,Q,L,Q,L,V,E,S,G,G,,G,L,V,Q,P,G,G,S,L,R,L,S,C,A,A,S,positive
369,E,V,Q,L,V,E,S,G,G,,G,L,V,Q,P,G,G,S,L,R,L,S,C,A,A,S,positive
370,E,V,Q,L,V,E,S,G,G,,G,L,V,Q,P,G,G,S,L,R,L,S,C,A,A,S,positive
371,Q,V,Q,L,V,E,S,G,G,,G,L,V,Q,P,G,G,S,L,R,L,S,C,A,A,S,positive
372,Q,V,Q,L,V,E,S,G,G,,G,L,V,Q,P,G,G,S,L,R,L,S,C,A,A,S,positive
373,E,V,Q,V,V,E,S,G,G,,G,L,V,Q,P,G,G,S,L,R,L,S,C,A,A,S,positive
374,E,V,Q,L,V,E,S,G,G,,G,L,V,Q,P,G,G,S,L,R,L,S,C,A,A,S,positive
375,Q,V,Q,L,V,E,S,G,G,,G,L,V,Q,P,G,G,S,L,R,L,S,C,A,A,S,positive
376,Q,V,Q,L,V,E,S,G,G,,G,L,V,Q,P,G,G,S,L,R,L,S,C,A,A,S,positive
377,Q,V,Q,L,V,E,S,G,G,,G,L,V,Q,P,G,G,S,L,R,L,S,C,A,A,S,positive
378,Q,V,Q,L,V,E,S,V,G,,G,L,V,Q,D,G,G,S,L,R,L,S,C,A,A,S,positive
379,E,V,Q,L,V,E,S,G,G,,G,L,V,Q,P,G,G,S,L,R,L,S,C,A,A,S,positive
380,Q,L,Q,L,V,E,S,G,G,,G,L,V,Q,P,G,G,S,L,R,L,S,C,A,A,S,positive
381,E,V,Q,L,V,E,S,G,G,,G,L,V,Q,P,G,G,S,L,R,L,S,C,A,A,S,positive
382,Q,V,Q,L,V,E,S,G,G,,G,L,V,Q,P,G,G,S,L,R,L,S,C,A,A,S,positive
383,E,V,Q,L,V,E,S,G,G,,G,L,V,Q,P,G,G,S,L,R,L,S,C,A,A,S,positive
384,Q,V,Q,L,V,E,S,G,G,,G,L,V,Q,A,G,G,S,L,K,H,S,C,A,A,S,positive
385,E,V,Q,L,V,E,S,G,G,,G,L,V,Q,P,G,G,S,L,R,L,S,C,A,A,S,positive
386,Q,V,Q,L,V,E,S,G,G,,G,L,V,Q,P,G,G,S,L,R,L,S,C,A,A,S,positive
387,Q,V,Q,L,V,E,S,G,G,,G,L,V,Q,P,G,G,S,L,R,L,S,C,A,A,S,positive
388,Q,V,Q,L,V,E,T,G,G,,G,L,V,Q,P,G,G,S,L,R,L,S,C,A,A,S,positive
389,Q,L,Q,L,V,E,S,G,G,,G,L,V,Q,P,G,G,S,L,R,L,S,C,A,A,S,positive
390,Q,V,Q,L,V,E,S,G,G,,G,L,V,Q,P,G,G,S,L,R,L,S,C,A,A,S,positive
391,Q,V,Q,L,V,E,S,G,G,,G,L,V,Q,P,G,G,S,L,R,L,S,C,A,A,S,positive
392,Q,V,Q,L,V,E,S,G,G,,G,L,V,Q,P,G,G,S,L,R,L,S,C,A,A,S,positive
393,Q,V,Q,L,V,E,S,G,G,,G,L,V,Q,A,G,G,S,L,R,L,S,C,A,A,S,positive
394,Q,V,Q,L,V,E,S,G,G,,G,L,V,Q,P,G,G,S,L,R,L,S,C,A,A,S,positive
395,Q,V,Q,L,V,E,S,G,G,,G,L,V,Q,A,G,G,S,L,R,H,S,C,A,A,S,positive
396,Q,V,Q,L,V,E,S,G,G,,G,L,V,Q,A,G,G,S,L,R,H,S,C,A,A,S,positive
397,Q,V,Q,L,V,E,S,G,G,,G,L,V,Q,A,G,G,S,L,R,L,S,C,A,A,S,positive
398,Q,V,Q,L,V,E,S,G,G,,G,L,V,Q,A,G,G,S,L,R,L,S,C,A,A,S,positive
399,E,V,Q,V,V,E,S,G,G,,G,L,V,Q,A,G,G,S,L,R,L,S,C,A,A,S,positive
400,Q,V,Q,L,V,E,S,G,G,,G,L,V,Q,P,G,G,S,L,R,L,S,C,A,A,S,positive
401,Q,V,Q,L,V,E,S,G,G,,G,L,V,Q,P,G,G,S,L,R,L,S,C,A,A,S,positive
402,Q,V,Q,L,V,E,S,G,G,,G,L,V,Q,P,G,G,S,L,R,L,S,C,A,A,S,positive
403,Q,V,Q,L,V,E,S,G,G,,G,L,V,Q,A,G,G,S,L,R,L,S,C,A,A,S,positive
404,E,V,Q,V,V,E,S,G,G,,G,L,V,Q,P,G,G,S,L,R,L,S,C,A,A,S,positive
405,Q,L,Q,L,V,E,S,G,G,,G,L,V,Q,P,G,G,S,L,R,L,S,C,A,A,S,positive
406,E,V,Q,L,V,E,S,G,G,,G,L,V,Q,A,G,G,S,L,R,L,S,C,A,A,S,positive
407,E,V,Q,L,V,E,S,G,G,,G,L,V,Q,P,G,G,S,L,R,L,S,C,A,A,S,positive
408,Q,V,Q,L,V,E,S,V,G,,G,L,V,Q,D,G,G,S,L,R,L,S,C,A,A,S,positive
