,a39,a40,a41,a42,a43,a44,a45,a46,a47,a48,a49,a50,a51,a52,a53,a54,a55,type
0,,,W,V,R,Q,A,P,G,K,G,L,E,W,V,S,,positive
1,,,W,F,R,E,G,P,G,K,E,R,E,G,I,A,,positive
2,,,W,Y,R,Q,A,P,G,K,E,R,E,F,V,S,,positive
3,,,W,Y,R,Q,F,P,G,T,E,R,E,F,V,S,,positive
4,,,W,F,R,Q,A,P,G,K,E,C,E,L,V,S,,positive
5,,,W,F,R,Q,A,S,G,K,Q,R,E,G,V,A,,positive
6,,,W,F,R,E,G,P,G,K,E,R,E,G,I,A,,positive
7,,,W,F,R,Q,A,P,G,K,E,C,E,R,V,A,,positive
8,,,W,F,R,Q,A,P,G,R,E,R,E,G,V,T,,positive
9,,,W,F,R,Q,V,P,G,Q,E,R,E,G,V,A,,positive
10,,,W,F,R,Q,A,P,G,K,G,R,E,G,V,A,,positive
11,,,W,I,R,Q,A,P,G,K,D,R,E,V,V,A,,positive
12,,,W,F,R,Q,A,P,G,K,E,R,E,G,V,A,,positive
13,,,W,F,R,Q,A,P,G,K,E,R,E,L,V,A,,positive
14,,,W,F,R,Q,A,P,G,K,E,R,E,G,V,A,,positive
15,,,W,F,R,Q,A,P,E,K,E,R,E,G,I,A,,positive
16,,,W,F,R,Q,A,P,G,K,E,R,E,G,V,T,,positive
17,,,W,Y,R,Q,A,P,G,D,E,C,K,L,V,S,,positive
18,,,W,Y,R,Q,A,P,G,K,E,R,E,F,V,S,,positive
19,,,W,Y,R,Q,T,P,G,N,V,C,E,L,V,S,,positive
20,I,G,W,V,R,Q,A,P,G,K,E,R,E,G,I,S,C,positive
21,A,E,F,F,R,K,S,P,G,K,Q,R,E,T,V,G,T,positive
22,M,S,W,Y,R,Q,S,P,G,K,G,R,E,F,V,A,A,positive
23,I,G,W,F,R,Q,A,P,G,S,G,R,E,A,V,A,C,positive
24,H,N,W,V,R,Q,T,P,R,Y,G,L,E,W,V,S,C,positive
25,I,G,W,F,R,R,V,P,G,K,E,R,E,G,V,S,C,positive
26,M,S,W,Y,R,Q,S,P,G,K,G,R,E,F,V,A,A,positive
27,I,G,W,F,R,Q,A,P,G,K,E,R,E,A,V,A,C,positive
28,M,A,W,Y,R,Q,P,P,G,K,R,R,K,G,V,A,T,positive
29,I,A,W,F,R,Q,A,P,G,K,E,R,E,Q,I,S,C,positive
30,M,G,Y,Y,R,Q,F,P,G,Q,L,R,E,L,V,A,T,positive
31,V,R,W,F,R,R,P,P,G,M,E,R,E,F,V,A,R,positive
32,M,T,W,V,R,E,T,P,H,K,G,P,E,W,I,S,S,positive
33,M,G,W,F,R,R,A,P,G,K,D,R,V,G,V,A,C,positive
34,V,G,W,Y,R,Q,A,P,G,S,Q,R,E,L,V,A,R,positive
35,M,K,W,V,R,Q,A,P,G,K,G,P,E,W,V,S,A,positive
36,M,G,W,F,R,Q,A,P,G,K,Q,R,E,G,V,A,V,positive
37,L,A,W,F,R,Q,A,S,G,K,D,R,D,F,I,A,A,positive
38,M,A,W,F,R,Q,A,P,G,K,G,R,E,G,V,A,V,positive
39,L,G,W,F,R,Q,A,P,G,E,E,R,E,R,V,A,T,positive
40,M,Y,W,V,R,Q,A,P,G,K,G,L,E,W,V,S,T,positive
41,V,G,W,F,R,Q,A,P,G,K,E,R,E,W,V,A,L,positive
42,M,G,F,F,R,Q,A,P,G,K,E,R,E,G,V,A,T,positive
43,M,G,W,F,R,Q,D,P,G,K,E,R,E,G,V,A,A,positive
44,M,G,W,F,R,Q,S,P,G,K,E,R,E,G,V,A,A,positive
45,M,A,W,Y,R,Q,V,T,G,K,E,R,E,L,V,S,V,positive
46,M,G,W,F,R,Q,A,P,G,K,E,R,E,G,V,A,V,positive
47,M,S,W,Y,C,Q,A,P,G,K,E,R,E,F,V,S,G,positive
48,V,G,W,F,R,R,F,P,G,K,E,R,E,G,L,S,G,positive
49,V,A,W,F,C,Q,A,P,G,K,E,R,E,G,V,A,A,positive
50,I,A,W,F,R,Q,A,P,G,K,E,R,E,R,L,L,A,positive
51,V,A,W,F,R,L,G,R,E,K,K,R,E,G,I,A,A,positive
52,V,G,W,F,R,Q,A,P,G,K,E,R,E,W,V,A,G,positive
53,M,G,W,F,R,Q,T,P,G,K,E,R,E,G,V,A,V,positive
54,M,S,W,V,R,Q,A,P,G,K,G,L,E,W,V,S,A,positive
55,M,S,W,V,R,Q,A,P,G,K,G,L,E,W,V,S,T,positive
56,M,S,,V,R,Q,A,P,G,K,G,P,E,W,V,S,G,positive
57,M,S,W,V,R,Q,D,P,E,K,G,L,E,W,V,S,E,positive
58,M,S,W,V,R,Q,V,P,G,K,G,L,E,W,V,S,T,positive
59,M,S,W,V,R,Q,A,P,G,K,G,L,E,W,V,S,G,positive
60,M,G,W,F,R,Q,A,P,G,K,E,C,E,L,V,S,T,positive
61,M,G,W,F,R,Q,A,P,G,K,E,C,E,L,V,S,T,positive
62,M,G,W,F,R,Q,A,P,G,K,E,C,E,L,V,S,T,positive
63,M,G,W,F,R,Q,A,P,G,K,E,C,E,L,V,S,T,positive
64,M,G,W,F,R,Q,P,P,G,K,E,C,E,L,V,S,T,positive
65,M,S,W,Y,R,Q,A,P,G,K,E,R,E,F,V,S,A,positive
66,M,S,W,Y,R,Q,A,P,G,K,E,R,E,F,V,S,A,positive
67,M,G,W,F,R,Q,A,P,G,K,E,R,E,G,V,A,A,positive
68,M,G,W,F,R,Q,A,P,G,K,E,R,E,G,V,A,A,positive
69,M,G,W,F,R,Q,A,P,G,K,E,R,E,G,V,A,A,positive
70,M,G,W,F,R,Q,A,P,G,K,E,R,E,G,V,A,A,positive
71,M,G,W,F,R,Q,A,P,G,K,E,R,E,G,V,A,A,positive
72,M,G,W,Y,R,Q,A,P,G,K,E,R,E,L,V,S,T,positive
73,M,G,W,Y,R,Q,A,P,G,K,E,R,E,L,V,S,T,positive
74,M,G,W,Y,R,Q,A,P,G,K,E,R,E,L,V,S,T,positive
75,M,G,W,Y,R,Q,A,P,G,K,E,R,E,L,V,S,T,positive
76,M,G,W,Y,R,Q,A,P,G,K,E,R,E,L,V,S,T,positive
77,M,G,W,Y,R,Q,A,P,G,K,E,R,E,L,V,S,T,positive
78,M,G,W,Y,R,Q,A,P,G,K,E,R,E,L,V,S,T,positive
79,M,G,W,Y,R,Q,A,P,G,K,E,R,E,L,V,S,T,positive
80,M,G,W,Y,R,Q,A,P,G,K,E,R,E,L,V,S,T,positive
81,M,G,W,Y,R,Q,A,P,G,K,E,S,E,L,V,S,T,positive
82,M,G,W,Y,R,Q,A,P,G,K,E,R,E,L,V,S,T,positive
83,M,G,W,Y,R,Q,A,P,G,K,E,R,E,L,V,S,T,positive
84,M,G,W,Y,R,Q,A,P,G,K,E,R,E,L,V,S,T,positive
85,M,G,W,Y,R,Q,A,P,G,K,E,R,E,L,V,S,T,positive
86,M,G,W,Y,P,Q,A,P,G,K,E,R,E,L,V,S,T,positive
87,M,G,W,F,R,Q,A,P,G,K,E,R,E,L,V,S,T,positive
88,M,G,W,Y,R,Q,A,P,G,K,E,R,E,L,V,S,T,positive
89,M,S,W,Y,R,Q,A,P,G,K,E,R,E,L,V,S,S,positive
90,M,G,W,Y,R,Q,A,P,G,K,E,R,E,L,V,S,T,positive
91,M,D,W,Y,R,Q,A,P,G,K,E,R,E,F,V,S,S,positive
92,M,D,W,Y,R,Q,A,P,G,K,E,R,E,F,V,S,S,positive
93,M,D,W,Y,R,Q,A,A,G,K,Q,R,E,W,V,S,S,positive
94,M,D,W,Y,R,Q,A,A,G,K,Q,R,E,W,V,S,S,positive
95,M,D,W,Y,R,Q,P,A,G,K,Q,R,E,W,V,S,S,positive
96,M,D,W,Y,R,Q,A,A,G,K,Q,R,E,W,V,S,S,positive
97,M,D,W,Y,R,Q,A,A,G,K,Q,R,E,W,V,S,S,positive
98,M,D,W,Y,R,Q,A,A,G,K,Q,R,E,W,V,S,S,positive
99,M,D,W,Y,R,Q,A,A,G,K,Q,R,E,W,V,S,S,positive
100,M,D,W,Y,R,Q,A,A,G,K,Q,R,E,W,V,S,S,positive
101,M,S,W,V,R,Q,A,P,G,R,E,R,E,G,V,A,A,positive
102,M,S,W,V,R,Q,A,P,G,K,G,L,E,W,V,S,G,positive
103,M,S,W,V,R,Q,A,P,G,K,G,L,E,W,V,S,G,positive
104,M,S,W,V,R,Q,A,P,G,K,G,L,E,W,V,S,G,positive
105,M,S,W,A,R,Q,A,P,G,K,G,L,E,W,V,S,G,positive
106,M,S,W,V,R,Q,A,P,G,K,G,L,E,W,V,S,G,positive
107,M,S,W,V,R,Q,A,P,G,K,G,L,E,W,V,S,G,positive
108,M,S,W,V,R,Q,A,P,G,K,G,L,E,W,V,S,G,positive
109,M,S,W,V,R,Q,A,P,G,K,G,L,E,W,V,S,G,positive
110,M,S,W,V,R,Q,A,P,G,K,G,L,E,W,V,S,G,positive
111,M,S,W,V,R,K,A,Q,G,K,G,L,E,W,V,S,G,positive
112,M,S,W,V,R,Q,A,P,G,K,G,L,E,W,V,S,S,positive
113,M,S,W,V,R,Q,A,P,G,R,G,L,E,W,V,S,G,positive
114,M,S,W,V,R,Q,A,P,G,K,G,L,E,W,V,S,G,positive
115,M,S,W,V,R,Q,A,P,G,K,G,L,E,W,V,S,G,positive
116,M,S,W,V,R,Q,A,P,G,K,G,L,E,W,V,S,G,positive
117,M,S,W,V,R,Q,A,P,G,K,G,L,E,W,V,S,G,positive
118,M,S,W,V,R,Q,A,P,G,K,G,L,E,W,V,S,G,positive
119,M,S,W,V,R,Q,A,P,G,K,G,L,E,W,V,S,G,positive
120,M,S,W,V,R,Q,A,P,G,K,G,L,E,W,V,S,G,positive
121,M,S,W,V,R,Q,A,P,G,K,G,L,E,W,V,S,G,positive
122,M,S,W,V,R,Q,A,P,G,K,G,L,E,W,V,S,G,positive
123,M,Y,W,V,R,Q,A,P,G,K,G,L,E,W,V,S,G,positive
124,M,Y,W,V,R,Q,A,P,G,K,R,L,E,W,V,S,G,positive
125,M,Y,W,V,R,Q,A,P,G,K,R,L,E,W,V,S,G,positive
126,M,S,W,V,R,Q,A,P,G,K,G,L,E,W,V,S,A,positive
127,M,S,W,V,R,Q,A,P,G,K,G,L,E,W,V,S,A,positive
128,M,S,W,V,R,Q,A,P,G,K,G,L,E,W,V,S,A,positive
129,M,S,W,V,R,Q,A,P,G,K,G,L,E,W,V,S,A,positive
130,M,S,W,V,R,Q,A,P,G,K,G,L,E,W,V,S,G,positive
131,M,S,W,V,R,Q,A,P,G,K,G,L,E,W,V,S,G,positive
132,V,Y,W,V,R,Q,A,P,G,K,G,L,E,W,V,S,S,positive
133,M,Y,W,V,R,Q,A,P,G,K,G,L,E,W,V,S,S,positive
134,M,Y,W,V,R,Q,A,P,G,K,G,L,E,W,V,S,S,positive
135,M,Y,W,V,R,Q,A,P,G,K,A,L,Q,W,V,S,S,positive
136,M,Y,W,V,R,Q,A,P,G,K,G,L,E,W,V,S,T,positive
137,M,Y,W,V,R,Q,A,P,G,K,G,L,E,W,V,S,T,positive
138,M,Y,W,V,R,Q,A,P,G,K,G,L,E,W,V,S,T,positive
139,M,Y,W,V,R,Q,A,P,G,K,G,P,E,W,V,S,T,positive
140,M,Y,W,V,R,Q,A,P,R,K,G,L,E,W,V,S,T,positive
141,M,Y,W,V,R,Q,A,P,R,K,G,L,E,W,V,S,T,positive
142,M,Y,W,V,R,Q,A,P,G,K,G,L,E,W,V,S,T,positive
143,M,Y,W,V,R,Q,A,P,G,K,G,L,E,W,V,S,A,positive
144,M,S,W,V,R,Q,A,P,G,K,G,L,E,W,V,S,A,positive
145,M,S,W,V,R,Q,A,P,G,K,G,L,E,W,V,S,A,positive
146,I,S,W,V,R,Q,A,P,G,K,G,L,E,W,V,S,A,positive
147,M,S,W,V,R,Q,A,P,G,K,G,L,E,W,V,S,A,positive
148,I,S,W,V,R,Q,A,P,G,K,G,L,E,W,V,S,A,positive
149,M,S,W,V,R,Q,A,P,G,K,G,L,E,W,V,S,A,positive
150,M,S,W,V,R,Q,A,P,G,K,G,L,E,W,V,S,A,positive
151,M,Y,W,V,R,Q,A,P,G,K,G,F,E,W,V,S,A,positive
152,M,G,W,F,R,Q,A,P,G,K,E,R,E,S,V,A,A,positive
153,M,S,W,F,R,Q,A,P,G,K,E,Q,E,F,V,A,R,positive
154,M,G,W,F,R,Q,A,P,G,T,E,R,E,F,V,A,G,positive
155,M,G,W,F,R,P,G,P,G,V,D,R,E,A,V,A,A,positive
156,V,G,W,F,R,Q,A,P,G,K,E,R,E,G,V,S,C,positive
157,M,G,W,F,R,Q,V,P,G,K,E,R,E,L,V,A,A,positive
158,M,G,W,F,R,Q,V,P,G,K,E,R,E,F,V,A,A,positive
159,M,A,W,Y,R,Q,A,A,G,K,Q,R,E,L,V,A,I,positive
160,M,G,W,Y,R,Q,A,P,G,K,Q,R,E,L,V,A,T,positive
161,M,G,W,Y,R,Q,A,P,G,K,Q,R,E,L,V,A,Q,positive
162,M,A,W,Y,R,Q,A,P,G,K,E,R,E,L,V,A,H,positive
163,M,G,W,Y,R,Q,A,P,G,K,Q,R,E,L,V,A,G,positive
164,M,G,W,Y,R,Q,A,P,G,K,Q,R,E,L,V,A,Q,positive
165,M,G,W,Y,R,Q,A,P,G,K,E,R,E,L,V,A,S,positive
166,M,G,W,Y,R,Q,A,P,G,E,Q,R,E,L,V,A,T,positive
167,M,A,W,Y,R,Q,F,P,G,K,Q,R,E,L,V,A,A,positive
168,M,G,W,Y,R,A,A,P,G,R,Q,R,E,L,V,A,S,positive
169,I,G,W,Y,R,Q,A,P,G,K,Q,R,E,L,I,A,A,positive
170,M,V,W,Y,R,Q,A,P,G,K,Q,R,E,W,V,A,T,positive
171,M,G,W,F,R,Q,A,P,G,K,G,R,E,F,V,A,A,positive
172,S,G,W,S,R,Q,A,P,G,K,Q,L,D,F,I,A,R,positive
173,M,G,W,H,R,Q,A,P,G,K,E,R,E,Y,V,A,N,positive
174,M,G,W,F,R,Q,A,P,G,N,Q,R,E,F,L,A,A,positive
175,M,G,W,Y,R,Q,A,P,G,K,L,R,E,R,V,A,V,positive
176,M,G,W,F,R,Q,D,S,G,N,Q,R,K,R,V,,A,positive
177,M,G,W,Y,R,Q,A,P,G,Q,Q,R,E,L,V,A,T,positive
178,V,A,W,F,R,Q,F,P,G,K,E,R,E,L,I,A,V,positive
179,M,G,W,Y,R,Q,A,P,G,K,Q,R,E,L,V,A,T,positive
180,V,S,W,F,R,Q,P,P,G,D,E,R,E,F,V,A,A,positive
181,I,G,W,F,R,Q,A,P,G,K,E,R,E,V,V,S,C,positive
182,I,I,W,F,R,Q,A,P,G,K,E,R,E,A,V,S,C,positive
183,M,G,W,F,R,E,A,P,G,K,G,R,E,F,V,G,S,positive
184,M,A,W,I,R,Q,A,A,G,K,E,R,E,F,V,A,G,positive
185,I,G,W,F,R,Q,A,P,G,K,E,R,E,G,V,S,C,positive
186,M,G,W,F,R,Q,A,P,G,K,E,R,E,Y,V,G,S,positive
187,I,G,W,I,R,Q,A,P,,K,A,R,E,A,V,S,C,positive
188,M,A,W,F,R,Q,A,P,G,N,Q,R,V,F,V,A,V,positive
189,M,E,W,H,R,Q,V,P,G,K,E,R,E,F,V,V,I,positive
190,M,S,W,Y,R,Q,V,P,G,A,Q,R,E,F,V,A,T,positive
191,I,C,W,F,R,Q,A,P,G,K,G,R,E,G,V,S,C,positive
192,M,G,W,Y,R,Q,A,P,G,K,Q,R,E,F,V,A,H,positive
193,L,G,W,F,R,Q,A,P,G,K,E,R,Q,F,V,A,V,positive
194,M,G,W,Y,R,Q,A,P,G,K,Q,R,E,L,V,A,S,positive
195,M,G,W,F,R,Q,A,P,G,K,E,R,E,F,V,A,G,positive
196,M,G,W,Y,R,Q,A,P,G,K,Q,R,E,L,V,A,V,positive
197,M,R,W,Y,R,Q,A,P,G,K,H,R,E,L,V,A,T,positive
198,M,A,W,Y,R,Q,A,P,G,K,Q,R,E,L,V,A,A,positive
199,M,A,W,I,R,Q,A,P,G,K,G,R,E,F,I,G,R,positive
200,M,Y,W,L,R,Q,P,P,G,K,Q,I,E,W,V,A,S,positive
201,M,R,W,Y,V,Q,T,P,G,N,E,R,E,M,V,A,S,positive
202,M,A,W,Y,R,Q,I,P,G,K,E,R,E,Q,V,A,I,positive
203,M,G,W,F,R,Q,T,P,E,K,Q,R,E,F,V,A,F,positive
204,I,G,W,F,R,Q,A,P,G,K,D,R,E,E,V,A,C,positive
205,I,G,W,F,R,Q,A,P,G,K,E,R,E,A,V,S,C,positive
206,M,G,W,Y,R,Q,A,P,G,K,Q,R,E,L,V,A,L,positive
207,M,G,W,F,R,H,F,P,G,K,D,R,E,F,V,A,V,positive
208,V,S,W,Y,H,Q,T,P,G,K,Q,R,E,L,V,A,T,positive
209,M,G,W,Y,R,E,A,P,G,K,Q,R,E,L,V,A,R,positive
210,F,A,W,F,R,Q,V,P,G,K,E,R,E,G,V,S,C,positive
211,M,G,W,F,R,Q,A,A,G,T,E,R,E,F,V,S,A,positive
212,L,A,W,Y,R,Q,A,P,G,K,P,R,E,L,V,A,G,positive
213,M,G,W,F,R,Q,A,P,G,K,E,R,N,I,V,A,A,positive
214,L,G,W,F,R,Q,A,P,G,K,E,R,E,F,V,A,S,positive
215,M,A,W,Y,R,Q,A,P,G,K,Q,R,E,F,L,A,T,positive
216,M,A,W,F,R,Q,A,P,G,K,Q,R,E,F,V,A,A,positive
217,V,A,W,Y,R,Q,A,P,G,K,E,R,E,G,V,A,C,positive
218,M,G,W,F,R,Q,R,P,G,K,E,R,Q,F,V,A,V,positive
219,M,G,W,F,R,Q,A,P,G,K,E,R,E,P,V,A,A,positive
220,M,A,W,Y,R,Q,A,P,G,K,G,R,E,Y,V,A,H,positive
221,V,S,W,Y,R,Q,A,P,G,N,Q,R,E,L,V,A,S,positive
222,M,G,W,Y,R,Q,A,P,G,K,R,R,E,L,V,A,A,positive
223,M,G,W,Y,R,Q,A,P,G,K,Q,R,E,L,V,,A,positive
224,M,A,W,Y,R,Q,A,P,G,K,Q,R,E,L,V,A,R,positive
225,V,A,W,F,R,Q,A,P,G,K,Q,R,E,F,V,A,H,positive
226,I,G,W,F,R,Q,A,P,G,K,E,R,E,G,I,S,C,positive
227,M,G,W,Y,R,Q,A,P,G,K,Q,R,E,L,V,A,Q,positive
228,L,G,W,Y,R,Q,A,P,G,K,Q,R,E,L,V,A,L,positive
229,M,G,W,Y,R,Q,A,P,G,K,Q,R,E,L,V,V,S,positive
230,M,G,W,Y,R,Q,A,P,G,K,Q,R,E,M,V,A,V,positive
231,M,G,W,W,R,Q,A,V,G,K,Q,R,E,F,V,A,W,positive
232,M,A,W,Y,R,Q,T,P,G,K,R,R,E,L,V,A,S,positive
233,M,G,W,Y,R,Q,A,P,G,K,Q,R,E,F,V,A,D,positive
234,M,G,W,Y,R,Q,A,P,G,K,Q,R,E,L,V,A,S,positive
235,I,G,W,F,R,Q,A,P,G,K,Q,R,E,L,V,A,S,positive
236,M,G,W,Y,R,Q,A,P,G,K,Q,R,E,F,V,A,V,positive
237,M,A,W,Y,R,Q,I,P,G,N,Q,R,E,F,L,A,A,positive
238,I,G,W,F,R,Q,A,P,G,K,E,R,E,G,V,I,C,positive
239,K,A,W,F,R,R,V,P,G,N,E,S,E,F,V,A,F,positive
240,I,G,W,F,R,Q,A,P,G,K,E,R,E,G,V,S,C,positive
241,I,G,W,F,R,Q,A,P,G,K,E,R,E,G,V,S,C,positive
242,M,A,W,F,R,Q,V,P,G,K,E,R,E,F,V,A,V,positive
243,M,N,W,Y,R,Q,A,P,G,K,E,R,E,L,V,A,S,positive
244,M,A,W,F,R,Q,A,P,G,K,E,R,E,F,V,A,L,positive
245,I,G,W,Y,R,Q,A,P,G,K,G,R,E,G,V,S,C,positive
246,I,G,W,F,R,Q,A,P,G,K,E,R,E,G,I,S,C,positive
247,M,N,W,Y,R,Q,V,P,G,K,E,R,G,L,V,A,H,positive
248,M,A,W,Y,R,R,V,P,G,K,D,R,E,M,V,A,R,positive
249,M,D,W,F,R,Q,A,P,G,K,E,R,E,R,V,A,A,positive
250,I,G,W,F,R,Q,A,P,G,K,K,R,E,W,V,S,C,positive
251,A,G,W,V,R,Q,A,P,G,K,E,R,E,L,V,G,D,positive
252,I,A,W,F,R,Q,A,P,G,K,G,R,E,W,V,S,C,positive
253,M,R,W,Y,R,Q,A,P,G,K,Q,R,E,L,V,A,R,positive
254,M,G,W,F,R,Q,A,P,G,K,E,R,D,I,V,A,R,positive
255,V,G,W,F,R,Q,A,P,G,K,E,R,E,Q,V,S,C,positive
256,M,G,W,F,R,Q,A,P,G,K,E,R,E,F,V,A,T,positive
257,M,G,W,Y,R,Q,A,P,G,K,Q,R,E,W,V,A,T,positive
258,M,G,W,F,R,Q,V,P,G,K,E,R,E,F,V,A,Q,positive
259,M,G,F,Y,R,Q,S,P,G,K,Q,R,E,L,V,A,I,positive
260,V,G,W,F,R,Q,A,P,G,N,E,R,E,F,V,A,A,positive
261,M,G,W,F,R,Q,G,P,G,K,E,R,E,F,V,A,A,positive
262,I,G,W,F,R,Q,A,P,G,K,G,R,E,G,I,A,C,positive
263,M,G,W,F,R,Q,V,P,G,K,E,R,E,I,V,A,S,positive
264,M,G,W,Y,R,Q,A,P,G,K,E,R,E,A,L,A,S,positive
265,I,G,W,L,R,Q,A,P,G,K,D,R,E,W,V,A,C,positive
266,I,G,W,F,R,Q,A,P,G,K,G,R,E,A,V,S,C,positive
267,M,A,W,F,R,Q,A,P,G,E,E,R,E,F,V,A,A,positive
268,I,G,W,F,R,Q,A,P,G,K,E,R,E,G,V,S,C,positive
269,I,G,W,F,R,Q,D,P,G,K,E,R,E,F,V,A,A,positive
270,M,G,W,F,R,Q,A,P,G,K,E,R,E,F,V,A,A,positive
271,I,G,W,F,R,Q,A,P,G,K,E,R,E,G,V,S,A,positive
272,M,G,W,F,R,Q,A,P,G,K,E,R,E,F,V,A,A,positive
273,V,G,W,F,R,Q,A,S,G,K,E,R,E,F,V,A,A,positive
274,M,A,W,F,R,Q,A,P,G,Q,E,R,E,F,V,T,G,positive
275,I,S,W,Y,R,Q,A,P,G,K,Q,R,E,L,V,A,K,positive
276,M,G,W,F,R,Q,A,P,G,K,E,R,E,F,V,A,S,positive
277,M,G,W,F,R,Q,A,P,G,K,E,R,E,F,V,A,A,positive
278,M,G,W,F,R,Q,A,P,G,K,E,R,E,F,V,A,A,positive
279,I,V,W,F,R,Q,A,P,G,K,E,R,E,G,V,S,C,positive
280,M,G,W,F,R,Q,A,P,G,Q,E,R,E,A,V,A,A,positive
281,I,G,W,F,R,Q,A,P,G,K,E,R,E,R,V,G,C,positive
282,I,G,W,F,R,Q,A,P,G,K,E,R,E,A,V,S,C,positive
283,I,G,W,F,R,Q,V,P,G,K,E,R,E,G,L,L,C,positive
284,I,G,W,F,R,Q,A,P,G,K,E,R,E,G,V,S,C,positive
285,I,G,W,F,R,Q,A,P,G,K,E,R,E,G,V,S,C,positive
286,M,G,W,F,R,Q,A,P,G,K,E,R,E,F,V,A,V,positive
287,M,G,W,F,R,Q,F,P,G,K,E,R,E,F,V,A,A,positive
288,I,G,W,F,R,Q,A,P,G,K,E,R,E,C,V,S,Y,positive
289,M,G,W,F,R,Q,G,P,G,K,E,R,E,F,V,A,A,positive
290,I,G,W,F,R,Q,A,P,G,K,E,R,E,W,V,S,F,positive
291,A,G,W,F,R,Q,A,P,G,K,N,R,E,F,V,A,G,positive
292,,G,W,F,R,Q,A,P,G,K,E,R,E,F,V,A,A,positive
293,M,M,W,Y,R,Q,A,P,G,K,E,R,D,M,V,A,R,positive
294,M,S,W,V,R,Q,A,P,G,K,G,L,E,W,V,S,A,positive
295,M,S,W,V,R,Q,A,P,G,K,G,P,E,R,V,S,S,positive
296,M,S,W,V,R,Q,A,P,G,K,G,P,E,W,V,S,S,positive
297,M,G,W,V,R,Q,A,P,G,K,G,L,E,W,V,S,S,positive
298,M,M,W,V,R,Q,A,P,G,K,G,L,E,W,V,S,S,positive
299,M,S,W,V,R,Q,A,P,G,K,G,L,E,W,V,S,V,positive
300,M,S,W,V,R,Q,A,P,G,K,G,L,E,W,V,S,C,positive
301,M,S,W,V,R,Q,A,P,G,K,G,L,E,W,V,S,D,positive
302,M,Y,W,V,R,Q,A,P,G,K,G,L,E,W,V,S,S,positive
303,M,F,W,V,R,Q,A,P,R,K,G,L,E,W,V,S,F,positive
304,M,F,W,V,R,Q,A,P,G,K,G,L,E,W,V,S,G,positive
305,M,S,W,V,R,Q,A,P,G,K,G,L,E,W,V,S,E,positive
306,M,S,W,V,R,Q,A,P,G,K,R,L,E,W,V,S,G,positive
307,V,G,W,F,R,Q,A,P,G,K,E,R,E,G,V,L,C,positive
308,V,A,W,F,R,Q,A,P,G,K,E,R,E,G,V,S,C,positive
309,V,G,W,F,R,Q,A,P,G,K,Q,R,E,A,V,A,C,positive
310,M,G,W,Y,R,Q,S,P,E,K,E,R,E,F,V,A,S,positive
311,M,G,W,Y,R,Q,P,P,G,K,E,R,E,L,V,A,G,positive
312,M,A,W,Y,R,Q,A,P,G,Q,Q,R,K,M,V,A,G,positive
313,M,A,W,Y,R,Q,A,P,G,K,Q,R,D,L,V,A,A,positive
314,L,G,W,Y,R,Q,A,P,G,K,E,R,A,W,V,G,R,positive
315,V,R,Y,Y,R,Q,A,P,G,K,E,C,E,L,V,A,G,positive
316,L,A,W,Y,R,Q,T,P,G,N,Q,R,E,T,V,A,V,positive
317,M,G,W,Y,R,Q,A,P,G,R,Q,R,E,L,V,A,R,positive
318,M,G,W,F,R,Q,A,P,G,S,E,R,E,L,V,A,Q,positive
319,M,G,W,F,R,Q,A,P,G,K,E,R,E,F,V,A,V,positive
320,V,G,W,F,R,T,A,P,G,K,E,R,E,K,V,S,C,positive
321,I,A,W,F,R,R,A,P,G,K,E,R,E,G,V,S,C,positive
322,I,G,W,F,R,Q,A,P,G,K,E,R,E,G,V,S,C,positive
323,I,L,W,F,R,Q,A,P,G,K,D,R,E,G,V,S,C,positive
324,I,G,W,F,R,Q,V,P,G,K,E,R,E,A,V,A,C,positive
325,I,G,W,F,R,Q,A,P,G,K,E,R,E,G,V,S,C,positive
326,I,G,W,F,R,Q,A,P,G,K,E,R,E,G,V,S,C,positive
327,I,G,W,F,R,Q,V,P,G,K,D,R,E,G,I,A,C,positive
328,M,G,W,F,R,Q,A,P,G,K,E,R,E,A,V,S,C,positive
329,F,G,W,F,R,Q,A,P,G,K,E,R,E,A,V,G,C,positive
330,I,G,W,F,R,Q,A,P,G,R,E,R,E,I,L,S,C,positive
331,I,G,W,F,R,Q,A,P,G,K,E,R,E,G,V,S,S,positive
332,I,G,W,F,R,Q,V,P,G,K,E,R,E,G,I,S,C,positive
333,I,A,W,I,R,Q,A,P,G,K,D,H,E,A,I,S,C,positive
334,V,A,W,F,R,Q,V,P,G,K,E,R,E,G,I,S,C,positive
335,I,S,W,F,R,H,R,P,G,K,N,E,R,E,G,L,S,positive
336,L,N,W,V,R,Q,P,P,G,K,G,L,E,W,V,S,R,positive
337,M,G,W,A,R,Q,I,P,G,K,G,L,E,W,V,S,S,positive
338,L,A,W,Y,R,Q,T,P,G,N,Q,R,V,F,V,A,S,positive
339,M,S,W,V,R,Q,A,P,L,K,G,P,E,W,L,S,D,positive
340,I,G,W,F,R,Q,A,P,G,K,E,R,E,L,V,S,C,positive
341,L,G,W,F,R,Q,A,P,G,K,E,R,E,W,V,S,C,positive
342,I,G,W,F,R,Q,A,P,G,K,E,R,E,G,V,S,C,positive
343,I,G,W,F,R,Q,A,P,G,K,E,R,E,G,V,S,C,positive
344,I,G,W,F,R,Q,A,P,G,K,E,R,E,G,V,S,C,positive
345,V,G,W,F,R,Q,S,P,G,N,S,R,E,G,I,S,C,positive
346,V,G,W,F,R,Q,V,P,G,R,K,R,E,W,V,A,C,positive
347,I,G,W,F,R,Q,A,Y,G,T,E,R,E,G,I,S,C,positive
348,I,G,W,F,R,Q,A,P,G,K,G,R,E,A,V,A,C,positive
349,M,S,W,V,R,Q,A,P,G,K,G,L,E,W,V,S,A,positive
350,M,S,W,V,R,Q,A,P,G,K,G,L,E,S,V,S,S,positive
351,M,S,W,V,R,Q,A,P,G,K,G,L,E,W,V,S,G,positive
352,M,S,W,V,R,Q,A,P,G,K,G,L,E,S,V,S,S,positive
353,M,S,W,V,R,Q,A,P,G,K,G,L,E,S,V,S,S,positive
354,M,S,W,V,R,Q,A,P,G,K,G,L,E,S,V,S,T,positive
355,M,S,W,V,R,Q,A,P,G,K,G,L,E,S,V,S,T,positive
356,M,S,W,V,R,Q,A,P,G,K,G,L,E,W,V,S,A,positive
357,M,S,W,V,R,Q,A,P,G,K,G,L,E,W,V,S,A,positive
358,M,S,W,V,R,H,S,P,G,K,G,L,E,W,V,S,A,positive
359,M,Y,W,V,R,Q,A,P,G,K,G,L,E,W,V,S,S,positive
360,M,S,W,V,R,Q,A,P,G,K,G,L,E,W,V,S,S,positive
361,M,S,W,V,H,Q,A,P,G,K,G,L,E,W,V,S,S,positive
362,M,N,W,V,R,Q,A,P,G,K,G,L,E,W,V,S,A,positive
363,M,N,W,V,R,Q,A,P,G,K,G,L,E,W,V,S,A,positive
364,M,Y,W,V,R,Q,A,P,G,K,G,L,E,W,V,S,A,positive
365,M,S,W,V,R,Q,A,P,G,K,G,L,E,W,V,S,A,positive
366,M,S,W,V,R,Q,A,P,G,K,G,L,E,W,V,S,T,positive
367,M,S,R,V,R,Q,V,P,G,K,G,L,E,W,V,S,S,positive
368,M,S,W,V,R,Q,A,P,G,K,G,P,E,W,V,S,A,positive
369,M,S,W,V,R,Q,A,P,G,K,G,P,E,W,V,S,A,positive
370,M,S,W,V,R,Q,A,P,G,K,G,P,E,W,V,S,A,positive
371,M,S,W,V,R,Q,A,P,G,K,G,P,E,W,V,S,D,positive
372,M,S,W,V,R,Q,A,P,G,K,G,P,E,W,V,S,C,positive
373,M,S,W,V,R,Q,A,P,G,K,G,L,E,W,V,S,Y,positive
374,M,S,W,V,R,Q,A,P,G,K,G,L,E,W,V,S,Y,positive
375,M,S,W,V,R,R,A,P,G,K,G,L,E,W,V,S,Y,positive
376,M,S,W,V,R,R,A,P,G,K,G,L,E,W,V,S,Y,positive
377,M,S,W,V,R,Q,A,P,G,K,G,L,E,W,V,S,D,positive
378,M,S,W,V,R,Q,A,P,G,K,G,L,E,W,V,S,S,positive
379,M,S,W,V,R,Q,A,P,G,K,G,L,E,W,V,S,A,positive
380,M,S,W,V,R,Q,A,P,G,K,G,L,E,W,V,S,A,positive
381,M,S,W,V,R,Q,A,P,G,K,G,L,E,W,V,S,A,positive
382,M,S,W,V,R,H,S,P,G,K,G,L,E,W,V,S,A,positive
383,M,S,W,V,R,Q,A,P,G,K,G,L,E,W,V,S,A,positive
384,M,S,W,V,R,Q,A,P,G,K,G,P,E,W,V,S,A,positive
385,L,S,W,V,C,H,S,P,G,K,G,L,E,W,V,S,A,positive
386,M,S,W,V,R,Q,A,P,G,K,G,L,E,W,V,S,G,positive
387,M,N,W,V,R,Q,A,P,G,K,G,L,E,W,V,S,G,positive
388,M,S,W,V,R,Q,A,P,G,K,G,L,E,W,V,S,G,positive
389,M,G,W,A,R,Q,V,P,G,K,G,L,E,W,V,S,G,positive
390,M,G,W,A,R,Q,V,P,G,K,G,L,E,W,V,S,G,positive
391,M,Y,W,V,R,Q,A,P,G,K,G,L,E,W,V,S,A,positive
392,M,G,W,Y,R,Q,A,P,G,K,Q,R,E,L,V,A,A,positive
393,M,G,W,F,R,Q,A,P,G,K,E,R,E,F,V,A,A,positive
394,M,G,W,Y,R,Q,A,P,G,K,Q,R,E,L,V,A,A,positive
395,M,G,W,Y,R,Q,A,P,G,K,E,R,E,L,V,A,A,positive
396,M,G,W,Y,R,Q,A,P,G,K,E,R,E,L,V,A,A,positive
397,M,G,W,Y,R,Q,A,P,G,K,E,R,E,L,V,A,A,positive
398,M,G,W,F,R,Q,A,P,G,K,E,R,E,F,V,A,A,positive
399,M,G,W,F,R,Q,A,P,G,K,E,R,E,F,V,A,A,positive
400,M,G,W,F,R,Q,A,P,G,K,E,R,E,F,V,S,C,positive
401,I,G,W,F,R,Q,A,P,G,K,E,R,E,G,V,S,C,positive
402,I,G,W,F,R,Q,A,P,G,K,E,R,E,G,V,S,C,positive
403,I,G,W,F,R,Q,A,P,G,K,E,R,E,G,V,S,C,positive
404,I,S,W,F,R,Q,A,P,G,K,E,R,E,G,V,S,C,positive
405,I,G,W,F,R,Q,A,P,G,K,E,R,E,G,V,S,C,positive
406,I,G,W,F,R,Q,A,P,G,K,E,R,E,G,V,S,C,positive
407,M,S,W,V,R,Q,A,P,G,K,E,R,E,L,V,A,A,positive
408,M,R,W,F,R,Q,A,P,G,K,E,R,E,W,V,S,C,positive
0,A,X,R,D,Z,N,D,F,L,M,U,K,W,O,S,M,Y,negative
1,T,E,T,T,U,H,W,D,D,W,Q,L,C,J,C,P,L,negative
2,S,K,E,Z,L,W,U,S,O,W,O,Z,W,Y,N,S,P,negative
3,N,C,D,C,P,G,L,Y,C,E,B,J,E,C,F,B,O,negative
4,L,O,E,P,C,H,R,E,K,X,U,R,Y,W,J,G,Y,negative
5,U,A,Z,T,N,J,U,T,M,R,K,S,M,K,Q,A,S,negative
6,K,W,P,R,Z,F,M,B,E,B,E,P,H,N,F,L,Q,negative
7,H,F,L,X,S,S,A,N,G,Y,C,S,F,N,D,K,K,negative
8,D,S,H,E,U,D,M,F,Z,N,F,W,E,I,K,R,Z,negative
9,C,K,N,S,G,F,O,M,D,B,P,G,T,N,R,Y,H,negative
10,M,W,J,N,Y,L,U,T,N,S,Z,W,O,U,C,G,O,negative
11,O,C,L,T,S,E,O,D,Y,J,Z,I,U,J,E,V,F,negative
12,W,X,A,P,E,W,D,C,T,D,L,A,P,E,Q,M,W,negative
13,E,M,A,P,B,U,B,W,O,L,K,F,C,B,J,C,F,negative
14,P,R,L,V,W,B,M,G,Q,W,I,O,N,S,Y,O,U,negative
15,X,X,E,I,D,K,Y,W,P,N,C,X,H,M,U,K,C,negative
16,G,I,A,V,Z,S,P,E,M,H,R,B,K,G,F,P,H,negative
17,Q,O,F,F,N,N,W,N,Q,P,X,G,D,G,J,T,M,negative
18,J,H,Y,R,G,Z,Y,O,W,Y,E,V,I,Q,V,D,B,negative
19,S,X,Y,L,H,E,H,P,S,C,K,Z,K,M,F,M,A,negative
20,E,T,K,E,V,C,H,Z,J,G,R,Y,S,F,G,Y,Z,negative
21,D,U,Y,G,Q,Q,L,Q,R,Z,V,V,C,G,M,O,A,negative
22,J,A,Y,Q,R,H,O,E,V,S,L,S,T,C,A,Y,S,negative
23,Q,W,E,G,G,Q,E,Y,X,N,P,Z,L,C,U,J,B,negative
24,A,Z,P,O,E,E,G,T,T,C,P,B,Z,T,W,I,F,negative
25,M,W,W,I,F,G,I,T,G,B,X,W,O,U,F,C,J,negative
26,W,L,B,X,S,G,M,T,J,A,H,Z,F,M,I,H,V,negative
27,S,S,V,X,Q,K,P,D,E,S,A,Z,M,Q,C,D,Q,negative
28,O,E,I,W,E,B,I,B,Z,D,K,O,J,J,W,N,R,negative
29,X,J,E,I,Q,E,Y,A,Q,T,A,K,S,Z,B,W,G,negative
30,X,C,U,O,P,L,I,O,T,Y,P,F,P,G,H,Y,W,negative
31,C,N,C,L,P,G,H,B,G,P,S,X,M,H,B,A,F,negative
32,C,N,B,Y,N,Y,B,Y,I,V,Z,Y,F,Q,L,Y,R,negative
33,Y,Q,O,J,F,Z,R,J,P,J,Q,W,V,M,J,L,U,negative
34,N,B,C,D,I,L,A,D,I,O,I,G,B,T,U,B,B,negative
35,L,G,X,W,H,S,K,V,G,K,P,D,B,D,E,T,S,negative
36,C,B,E,H,L,Q,Q,S,C,B,Q,G,I,P,G,R,W,negative
37,S,V,Z,B,Q,S,L,J,S,W,W,Z,S,G,H,N,G,negative
38,W,T,Q,F,V,S,G,R,R,P,V,R,L,F,R,K,L,negative
39,P,O,D,L,Y,R,X,X,K,Z,X,S,T,D,X,D,J,negative
40,R,W,P,N,X,Z,F,M,A,T,G,O,T,R,S,S,M,negative
41,A,A,K,U,M,E,X,B,R,G,E,U,X,D,R,S,S,negative
42,F,M,K,I,E,U,O,G,N,K,T,U,Z,F,A,N,L,negative
43,F,A,S,W,S,S,C,L,A,N,S,M,V,O,O,A,V,negative
44,G,B,D,R,L,V,L,F,T,L,Z,X,H,D,X,I,S,negative
45,P,W,V,L,Y,E,N,N,E,C,Y,H,K,B,Z,U,B,negative
46,R,E,K,H,J,H,S,L,B,K,W,T,W,R,E,V,A,negative
47,K,Z,U,O,I,S,J,K,U,J,I,H,N,P,C,A,P,negative
48,W,B,L,V,T,T,H,E,V,Z,U,P,U,E,L,V,C,negative
49,K,U,R,E,R,W,K,N,K,O,S,T,K,B,W,P,P,negative
50,T,V,B,I,P,H,F,D,J,J,F,F,W,S,X,J,O,negative
51,I,M,S,M,C,P,D,H,L,M,K,V,F,K,R,V,T,negative
52,J,G,C,B,D,H,L,B,E,N,U,J,F,F,E,I,D,negative
53,G,L,V,Y,Z,T,X,V,D,D,Y,K,Z,G,D,M,Z,negative
54,X,M,Y,O,P,G,O,K,K,U,O,P,V,U,H,Y,X,negative
55,E,Y,W,J,R,C,W,M,F,I,I,V,U,M,C,L,C,negative
56,Q,Z,D,E,Y,D,W,K,X,N,E,E,V,R,M,S,Q,negative
57,A,V,Y,X,A,H,A,R,Z,R,K,I,W,O,N,K,N,negative
58,M,L,K,P,S,F,F,R,H,U,F,F,Q,T,M,L,A,negative
59,B,O,M,D,Z,I,U,B,W,V,S,B,X,H,P,G,R,negative
60,Q,T,G,Z,V,O,Q,S,K,Z,J,U,N,R,L,V,T,negative
61,K,Z,Q,S,N,C,V,F,E,J,Z,Z,L,A,T,X,F,negative
62,O,C,B,L,K,T,J,Z,T,T,W,W,C,F,U,N,K,negative
63,L,O,X,Q,G,V,F,V,D,R,M,G,N,D,J,R,F,negative
64,P,C,I,G,F,F,A,H,N,A,X,L,W,C,Q,K,M,negative
65,Y,G,H,Z,Z,P,E,J,S,A,X,F,Y,I,O,O,S,negative
66,R,R,O,G,M,J,N,G,N,F,M,V,Q,Y,D,T,O,negative
67,T,C,D,E,P,C,T,V,Y,U,C,I,Y,O,W,Y,W,negative
68,O,G,K,N,S,G,K,U,X,Z,P,F,L,Z,H,U,I,negative
69,C,W,R,H,I,T,C,D,Q,V,F,D,D,E,S,D,P,negative
70,D,O,E,Z,M,Q,R,S,W,X,E,Z,N,K,A,A,Y,negative
71,E,K,P,F,P,K,V,R,C,J,M,Q,N,K,W,M,Z,negative
72,K,G,A,F,V,H,S,O,L,N,Q,A,I,B,W,U,N,negative
73,V,I,P,U,L,E,I,U,U,H,C,Q,R,B,A,E,Q,negative
74,F,M,Z,T,L,C,C,V,M,L,C,E,F,L,M,O,E,negative
75,B,U,P,R,G,Q,O,B,C,J,A,S,I,Y,D,Y,S,negative
76,X,I,H,O,R,Z,T,Z,E,L,Y,N,C,M,P,U,C,negative
77,I,J,S,G,M,T,F,K,K,M,M,L,F,A,O,U,U,negative
78,X,F,H,H,E,U,W,D,K,X,W,X,X,N,S,B,P,negative
79,M,G,A,E,O,P,K,S,A,O,K,P,Q,B,D,Y,M,negative
80,V,T,X,C,U,F,R,J,T,A,C,B,F,U,T,U,K,negative
81,V,F,Y,S,J,S,W,W,Q,V,X,T,G,T,A,J,E,negative
82,V,S,Z,Z,U,O,E,H,G,L,V,K,H,T,J,Y,P,negative
83,Y,G,N,I,F,Q,K,U,R,T,X,Z,N,C,Z,K,L,negative
84,Z,S,C,Z,O,I,X,A,Q,I,K,P,J,M,T,T,Z,negative
85,I,V,W,D,M,K,I,G,C,E,M,J,Y,F,Z,W,M,negative
86,Y,E,B,T,X,X,C,N,L,P,C,M,A,Z,F,K,L,negative
87,C,S,B,F,S,H,O,P,B,S,K,W,N,C,I,Y,I,negative
88,K,E,K,J,X,O,L,T,T,I,Z,T,O,I,V,S,G,negative
89,A,R,C,B,X,W,V,L,I,Z,R,P,A,E,I,N,H,negative
90,W,J,M,Z,C,E,B,S,K,N,M,U,B,U,L,N,N,negative
91,I,Y,X,K,P,M,M,O,U,M,H,W,D,S,M,C,P,negative
92,A,A,F,U,W,H,X,H,M,C,E,Q,L,W,V,S,V,negative
93,A,S,B,L,Y,H,S,M,A,H,I,R,Y,I,M,T,L,negative
94,E,Z,X,V,F,G,Y,T,X,G,U,R,U,H,W,F,R,negative
95,I,H,E,K,Q,Q,I,H,Y,F,Y,W,P,B,Y,W,V,negative
96,I,V,G,G,L,V,D,D,W,E,Z,J,U,X,S,B,Z,negative
97,D,T,H,T,Z,L,R,P,E,M,S,A,K,Z,L,G,U,negative
98,N,Z,W,S,A,A,I,U,F,C,K,U,I,A,U,J,G,negative
99,Y,W,J,D,X,W,W,R,K,M,L,V,F,U,W,Z,K,negative
100,E,W,I,E,Y,R,S,X,X,T,D,N,N,H,U,A,E,negative
101,A,N,U,F,B,F,D,I,U,I,R,W,Q,I,H,P,S,negative
102,K,U,K,J,W,Q,L,Q,Z,P,P,Y,L,Y,T,V,P,negative
103,J,W,D,K,V,V,Z,S,G,A,O,Q,G,B,O,I,E,negative
104,S,Q,U,I,Y,G,F,G,A,D,O,J,W,E,Q,L,P,negative
105,H,F,O,B,L,W,I,X,A,A,M,O,I,V,Y,L,S,negative
106,T,A,R,J,F,W,Z,V,E,T,U,S,O,E,U,P,B,negative
107,O,D,A,F,C,H,V,H,X,U,V,Y,H,Q,J,Y,U,negative
108,U,X,I,J,G,Z,R,S,S,W,G,L,L,J,O,R,Q,negative
109,D,M,H,O,N,E,Z,H,F,P,I,S,Z,V,S,D,W,negative
110,F,P,K,A,N,A,X,U,V,V,O,S,J,D,G,Y,X,negative
111,P,R,F,Z,N,Y,Y,P,M,L,J,E,L,Y,O,B,I,negative
112,E,J,F,Z,P,T,X,X,J,R,V,F,O,C,U,B,Q,negative
113,W,R,Y,O,K,J,D,Q,T,N,P,P,W,O,A,Y,T,negative
114,P,K,S,N,B,P,V,G,V,Q,O,C,L,L,P,S,L,negative
115,A,D,E,G,A,P,W,M,V,B,U,R,K,J,C,I,A,negative
116,G,B,P,E,X,P,M,J,R,P,L,M,F,I,N,W,H,negative
117,U,O,X,R,A,X,Z,P,X,P,X,J,J,U,F,D,O,negative
118,R,C,X,S,F,Y,U,B,A,E,B,Q,S,T,B,W,O,negative
119,U,Z,K,R,E,M,I,V,Y,S,E,I,S,E,G,D,O,negative
120,E,N,L,O,M,T,Y,H,I,R,B,M,W,Q,P,J,G,negative
121,Q,P,L,N,P,G,G,O,O,L,M,Y,E,Y,X,Z,Y,negative
122,H,F,U,D,I,E,U,Z,R,Q,M,V,X,S,H,V,G,negative
123,A,H,L,M,L,V,K,O,E,P,B,W,I,I,V,R,K,negative
124,G,P,C,E,L,H,Q,A,U,X,E,Z,R,U,M,F,J,negative
125,H,J,B,H,K,D,X,P,B,M,G,H,Z,A,S,L,I,negative
126,Z,Y,C,E,Y,N,K,N,R,V,T,M,W,Q,S,X,B,negative
127,C,B,X,S,L,L,N,N,S,I,A,Q,G,I,G,S,C,negative
128,F,L,N,Q,X,I,N,L,S,G,D,R,Y,O,B,B,O,negative
129,P,C,N,R,V,E,N,F,G,N,O,E,E,G,A,J,A,negative
130,W,S,R,F,X,T,M,L,W,B,E,G,X,U,N,S,R,negative
131,M,N,C,H,K,R,Z,G,G,B,Y,H,M,Q,P,E,A,negative
132,G,A,T,K,P,H,D,T,J,I,S,V,Z,E,F,Q,B,negative
133,L,B,G,H,U,V,F,K,M,T,W,B,Y,I,O,Y,P,negative
134,C,O,X,R,F,L,Q,M,Z,C,G,S,I,H,U,A,J,negative
135,B,M,T,J,B,S,N,F,Q,U,H,T,I,H,A,B,G,negative
136,R,Q,X,B,C,H,F,Y,R,R,P,X,A,E,V,K,S,negative
137,D,Z,T,H,W,W,C,O,U,D,V,M,W,Y,Q,C,H,negative
138,M,U,F,B,F,O,W,F,X,C,W,F,V,X,B,E,B,negative
139,L,O,V,I,X,Q,K,P,C,M,K,G,O,D,M,O,K,negative
140,F,S,H,Q,T,J,F,C,B,H,U,W,Z,I,K,K,C,negative
141,H,B,U,R,W,P,K,O,B,P,R,D,T,F,F,P,X,negative
142,A,V,U,O,C,B,M,K,F,B,E,P,M,N,C,N,H,negative
143,J,D,Q,C,F,X,J,P,S,Q,L,X,E,P,M,K,S,negative
144,L,O,A,U,Q,X,W,K,L,G,L,A,C,O,R,Y,C,negative
145,L,B,D,A,X,M,D,M,P,Z,S,S,S,D,T,D,S,negative
146,N,M,Q,J,G,O,F,C,N,X,K,D,E,N,S,R,O,negative
147,S,R,V,I,T,X,N,R,I,E,V,O,J,D,H,T,O,negative
148,X,M,V,B,T,D,X,D,I,Q,K,N,B,V,X,O,X,negative
149,A,G,G,V,R,Y,I,P,F,P,Q,L,S,X,P,P,Y,negative
150,L,V,S,J,B,Y,N,V,K,D,X,N,D,X,V,L,S,negative
151,G,O,O,F,E,L,B,I,N,Y,K,V,F,P,R,F,J,negative
152,X,U,W,K,Z,L,K,M,E,R,K,I,C,P,Y,S,T,negative
153,D,S,F,X,S,S,F,W,S,S,D,A,E,Z,L,J,E,negative
154,Y,R,U,F,R,U,V,Y,U,V,K,Q,Z,B,N,C,L,negative
155,T,G,S,H,E,Z,G,T,B,D,J,C,D,V,Y,E,B,negative
156,K,P,B,H,S,B,D,P,K,W,P,Y,N,E,G,Y,Z,negative
157,H,Z,Z,X,U,B,I,J,B,Z,E,O,O,C,X,E,X,negative
158,Q,I,C,E,F,Z,T,B,H,H,I,V,C,Y,U,M,J,negative
159,F,I,R,L,H,M,S,J,P,H,J,M,H,Z,M,B,J,negative
160,X,U,K,D,Q,J,K,O,M,W,L,V,S,B,C,N,I,negative
161,A,T,I,I,V,A,A,O,F,J,S,S,I,K,E,R,J,negative
162,M,E,W,I,D,M,W,A,U,N,P,I,G,P,S,S,J,negative
163,F,K,F,B,G,V,Z,J,K,M,J,Z,D,I,B,T,S,negative
164,W,C,E,X,E,H,D,L,U,T,U,T,C,G,C,P,K,negative
165,O,H,B,B,Y,C,X,S,N,D,U,N,I,T,O,C,I,negative
166,Q,I,Q,E,Q,F,I,S,R,Z,T,W,G,A,M,V,I,negative
167,L,Y,U,L,D,I,E,T,I,H,W,M,C,K,D,L,H,negative
168,Q,Q,E,W,Z,M,G,G,Q,O,H,B,X,U,O,M,T,negative
169,C,L,S,E,B,N,U,J,X,T,O,F,M,R,J,T,C,negative
170,F,U,V,P,T,L,A,W,J,L,P,G,R,F,Q,F,I,negative
171,P,I,H,M,V,Q,A,Y,N,N,G,A,I,B,J,M,J,negative
172,D,J,P,X,H,X,N,A,S,I,F,R,J,F,L,O,C,negative
173,O,Z,E,Q,Q,S,M,J,J,D,E,P,L,P,T,E,G,negative
174,N,F,D,W,R,B,G,V,W,U,T,E,L,G,B,K,L,negative
175,X,W,W,S,V,U,L,P,Z,U,G,Q,E,U,P,E,C,negative
176,F,P,W,J,V,P,Z,U,Y,K,M,B,Z,T,G,X,B,negative
177,R,D,R,U,C,C,E,Y,K,H,R,V,J,K,G,Z,Q,negative
178,C,J,W,G,U,J,H,V,C,G,T,Y,Q,J,W,V,F,negative
179,X,H,S,D,A,Q,A,L,Y,T,W,J,U,Z,Q,I,Q,negative
180,V,S,N,J,L,Z,J,J,I,J,X,R,J,F,A,Z,S,negative
181,P,A,Z,X,R,R,Q,B,R,S,G,S,Y,J,B,H,Z,negative
182,L,L,Y,U,Y,A,I,D,X,A,P,L,Y,U,A,N,K,negative
183,Q,K,T,R,J,N,K,L,K,K,D,A,Y,P,K,H,I,negative
184,H,W,E,O,L,B,R,P,W,U,F,F,J,B,J,U,O,negative
185,V,K,H,O,I,J,Y,G,L,W,L,X,I,I,I,L,Z,negative
186,O,M,I,R,I,K,T,S,N,D,M,E,T,T,W,Q,S,negative
187,M,J,X,F,T,R,M,J,J,F,W,N,D,B,L,B,I,negative
188,X,M,P,W,I,D,F,W,Z,L,O,X,U,R,J,T,E,negative
189,O,A,W,T,Z,L,B,V,O,B,W,G,U,J,T,H,Q,negative
190,D,B,Q,G,B,I,T,X,F,R,B,H,D,D,U,M,U,negative
191,Q,R,H,G,K,V,A,Q,E,S,Q,N,Z,M,S,A,H,negative
192,G,G,T,H,S,M,V,T,C,Q,R,E,L,G,U,D,H,negative
193,T,K,B,T,M,S,A,W,W,Y,O,P,M,I,X,S,H,negative
194,T,Q,O,D,Z,H,A,I,J,Z,L,L,Z,D,O,S,F,negative
195,P,O,C,Q,K,T,U,O,N,B,E,M,T,B,Z,P,F,negative
196,D,Y,Z,A,Q,Q,L,R,K,G,B,Z,W,B,M,A,V,negative
197,A,I,H,M,K,C,H,A,J,V,G,C,G,D,B,M,S,negative
198,X,M,K,F,P,Y,K,N,E,L,M,X,D,O,J,Y,W,negative
199,R,C,K,O,U,U,K,W,D,Q,O,T,P,J,G,R,Z,negative
200,S,Q,T,L,T,X,T,M,K,Y,D,L,I,B,J,L,Q,negative
201,W,V,F,U,G,V,T,Y,T,C,Z,I,A,E,T,K,S,negative
202,K,M,J,L,N,C,D,R,Y,R,M,G,G,P,X,E,X,negative
203,F,I,T,E,K,G,W,S,S,S,Y,D,Q,I,K,Z,A,negative
204,V,O,R,D,X,W,T,L,Y,M,F,H,W,I,H,L,G,negative
205,F,V,X,D,D,L,T,A,R,T,G,Y,S,P,G,F,N,negative
206,H,A,L,Q,T,O,G,A,T,U,H,S,V,I,M,V,J,negative
207,T,M,U,I,Z,X,Q,Y,U,M,V,N,U,D,L,X,R,negative
208,M,P,E,U,U,C,Y,F,C,X,O,A,V,V,E,U,W,negative
209,E,H,E,I,T,A,K,P,L,M,D,J,A,X,Z,N,S,negative
210,I,J,H,Y,P,O,D,G,F,Z,Z,E,B,A,H,F,Y,negative
211,A,G,F,B,T,T,L,G,P,E,R,T,R,C,G,Q,S,negative
212,B,O,H,E,N,V,U,D,W,H,U,J,E,P,H,U,O,negative
213,X,E,Z,Y,W,S,T,J,D,D,P,Q,F,S,G,H,D,negative
214,R,E,I,J,F,Y,L,V,Z,D,E,V,R,V,O,Z,Q,negative
215,G,I,R,W,P,B,P,G,T,D,U,Z,G,V,Q,D,K,negative
216,E,X,H,F,N,M,J,W,B,T,T,G,A,Q,V,T,P,negative
217,A,U,Q,H,Z,Z,J,U,Z,H,A,S,K,R,Z,Q,O,negative
218,X,J,D,K,R,S,Z,H,E,N,U,P,H,J,Q,B,Q,negative
219,P,I,E,E,K,K,W,V,C,U,U,T,R,I,Y,V,Y,negative
220,Z,L,K,V,J,T,K,A,M,U,F,I,J,M,I,J,B,negative
221,T,I,Q,G,J,F,C,X,C,I,V,V,M,R,F,F,A,negative
222,B,B,S,T,W,Q,V,P,G,A,T,T,F,L,N,O,A,negative
223,E,X,Y,D,R,Z,S,Y,L,J,G,C,R,I,M,E,O,negative
224,Q,V,M,F,K,H,Y,H,Q,Q,M,O,D,K,U,C,W,negative
225,B,U,M,K,U,O,E,B,M,O,V,W,U,C,B,A,Y,negative
226,U,P,C,S,B,I,C,T,A,P,Y,N,Y,X,S,X,S,negative
227,K,N,L,Y,X,T,O,I,B,S,V,E,C,O,U,C,C,negative
228,E,J,O,D,F,P,X,X,A,L,B,K,W,E,N,C,Z,negative
229,G,P,T,K,J,Z,N,H,N,I,X,P,D,V,M,F,G,negative
230,I,C,R,O,X,G,R,B,O,F,I,O,T,P,Q,C,W,negative
231,V,S,B,Z,N,F,B,E,W,X,C,Y,Z,S,K,X,S,negative
232,M,X,X,D,O,I,Q,T,E,X,Z,V,S,K,B,I,J,negative
233,X,J,P,H,N,Z,F,U,F,B,T,B,Y,H,F,M,A,negative
234,C,C,T,M,I,E,C,T,W,F,U,Y,N,R,Y,R,Y,negative
235,U,G,M,B,W,K,S,I,Z,F,J,J,F,P,I,T,T,negative
236,E,C,F,T,U,F,L,X,W,F,T,P,A,F,U,A,T,negative
237,N,M,C,T,L,J,M,N,C,M,F,E,M,X,S,W,R,negative
238,Y,B,H,P,O,T,X,S,N,J,P,L,W,J,B,F,Z,negative
239,T,X,O,F,M,H,F,F,L,W,O,J,V,U,S,F,A,negative
240,P,Y,U,Z,B,Y,U,I,Z,V,S,K,C,D,Q,G,F,negative
241,F,C,C,C,V,S,E,A,D,D,S,E,A,Z,Q,K,N,negative
242,G,F,G,V,X,P,Q,U,W,T,A,A,O,L,Q,P,J,negative
243,X,B,N,R,V,C,T,V,W,H,W,F,B,J,U,B,F,negative
244,B,P,M,J,J,Q,W,S,M,M,A,C,B,Y,D,V,F,negative
245,B,O,P,A,W,A,O,M,L,X,C,D,J,A,Z,O,B,negative
246,P,L,N,K,Q,W,H,H,G,X,V,J,N,Z,C,B,C,negative
247,Q,H,X,O,Z,Q,X,G,Z,W,C,V,J,D,N,A,M,negative
248,H,S,D,J,Z,F,K,N,K,Y,Z,U,R,Y,V,W,R,negative
249,A,L,K,A,V,F,J,L,N,I,F,U,F,A,C,K,E,negative
250,E,I,Z,X,E,M,B,S,H,Z,D,R,Q,O,Z,L,C,negative
251,K,K,W,Z,C,S,Y,H,T,L,B,T,G,V,V,N,R,negative
252,L,V,K,Y,S,B,B,K,U,O,Q,L,V,T,A,I,U,negative
253,Q,T,C,R,Z,Q,Q,P,E,T,H,A,R,K,L,N,A,negative
254,P,J,W,P,J,H,P,E,T,T,B,G,P,S,Q,J,C,negative
255,Z,Q,A,G,Y,U,V,F,U,Q,S,S,O,R,S,L,K,negative
256,H,M,T,J,K,L,M,O,Z,S,W,U,U,C,M,K,D,negative
257,S,L,L,Q,O,B,C,L,R,A,P,M,V,X,L,C,C,negative
258,L,M,M,W,S,M,T,P,M,N,W,N,B,L,W,K,R,negative
259,B,G,F,C,F,L,V,N,W,R,T,J,D,R,V,C,G,negative
260,Q,M,V,B,E,J,N,O,T,N,X,L,U,T,H,C,P,negative
261,F,N,F,G,V,Q,I,N,S,E,A,U,G,C,P,F,L,negative
262,K,C,M,L,L,E,U,K,V,P,C,M,W,G,P,D,H,negative
263,S,Z,J,Q,H,N,U,B,W,F,Z,D,G,I,A,E,H,negative
264,R,D,M,Y,Y,W,B,X,X,N,G,Y,N,C,Q,H,O,negative
265,H,E,Y,E,L,N,X,X,F,T,V,Y,S,T,Q,O,F,negative
266,J,X,K,K,U,B,W,S,G,H,D,M,V,O,G,C,M,negative
267,Y,H,R,C,S,D,O,E,O,H,F,S,K,T,G,L,P,negative
268,C,B,Q,G,A,H,N,C,W,F,U,L,B,H,J,L,W,negative
269,A,H,Z,O,S,K,K,V,S,B,W,M,K,X,U,N,V,negative
270,K,Y,X,B,G,P,Z,J,P,G,G,A,G,C,H,C,H,negative
271,D,K,W,T,S,W,F,Z,Q,E,A,M,U,Z,W,B,C,negative
272,Z,N,L,R,B,D,U,Q,Q,U,V,M,Z,C,S,R,Y,negative
273,W,U,T,W,N,F,E,B,S,S,I,M,T,E,H,Q,O,negative
274,Q,X,R,U,B,A,E,B,B,N,W,Z,U,Q,H,C,Q,negative
275,Y,D,T,Z,Q,P,K,G,P,O,H,E,B,C,Y,G,S,negative
276,C,V,T,X,M,T,Q,K,S,I,A,E,I,B,J,M,U,negative
277,R,U,C,H,P,L,T,M,K,I,S,U,X,O,D,J,W,negative
278,B,W,N,H,P,P,A,S,C,E,Y,S,C,J,K,L,T,negative
279,G,T,D,L,G,A,L,V,H,B,E,Y,C,X,E,A,U,negative
280,V,Q,R,F,B,D,Y,W,K,E,Q,Z,G,W,Y,B,Y,negative
281,W,G,L,T,O,J,C,M,Q,P,C,F,R,K,E,N,D,negative
282,F,Q,S,W,A,D,J,X,E,T,D,J,E,B,P,D,W,negative
283,V,T,S,K,S,S,U,R,I,Z,Y,Z,D,H,P,P,E,negative
284,F,Z,U,F,B,E,F,C,K,H,D,G,X,V,Q,I,R,negative
285,E,J,P,H,W,Q,I,K,H,N,W,J,K,M,A,E,O,negative
286,B,X,O,F,V,W,A,F,V,D,X,F,O,G,T,F,Q,negative
287,J,M,J,X,G,U,V,L,Q,X,O,E,F,U,Z,C,Y,negative
288,I,V,N,Q,H,Y,A,X,V,D,R,M,P,B,S,N,F,negative
289,Y,U,F,H,U,L,H,I,E,P,M,Q,M,O,U,V,C,negative
290,F,P,G,N,S,S,A,R,M,U,D,E,J,A,E,S,R,negative
291,K,L,Q,V,R,D,A,Y,E,S,P,C,R,K,Q,W,E,negative
292,V,Y,J,O,E,O,W,O,P,K,E,B,H,R,R,O,C,negative
293,P,M,Y,U,R,L,R,O,N,U,L,H,M,Y,A,F,X,negative
294,O,A,R,K,I,U,L,Q,Y,Q,X,F,U,T,Y,K,R,negative
295,S,X,T,C,Z,N,J,W,W,K,H,E,Y,A,M,P,N,negative
296,V,Y,G,Q,F,M,H,S,N,G,L,J,T,D,Z,D,D,negative
297,T,W,O,V,W,Z,V,P,Y,R,Y,L,V,F,C,M,S,negative
298,M,R,Q,V,E,C,Y,O,T,U,Q,O,Z,D,M,C,I,negative
299,Z,P,W,Y,G,Z,U,V,F,W,Y,U,Y,M,N,R,O,negative
300,R,Z,N,C,J,E,X,C,S,D,D,K,Z,K,P,O,N,negative
301,T,K,R,K,R,I,H,Z,N,C,E,Q,A,P,V,F,Z,negative
302,D,C,N,B,Z,C,E,J,F,D,I,D,K,H,T,Q,G,negative
303,J,T,P,C,E,B,C,D,G,T,H,J,L,J,E,Z,F,negative
304,R,P,C,Q,A,Q,U,Z,U,D,F,E,C,N,G,M,O,negative
305,D,Z,P,Z,E,R,E,D,S,X,C,Q,O,X,X,J,Q,negative
306,C,L,D,P,D,S,U,M,R,E,E,D,C,O,L,J,Z,negative
307,R,I,I,X,J,C,A,G,Z,I,B,O,Q,Y,Q,Q,G,negative
308,X,X,E,Z,Y,W,Z,F,U,T,J,X,D,W,C,R,I,negative
309,Z,G,O,P,F,F,Q,F,K,T,T,V,O,M,O,J,P,negative
310,A,K,Z,W,D,C,N,C,M,E,Y,Q,A,R,S,Q,U,negative
311,P,G,Z,J,M,M,N,C,H,G,O,F,Q,S,Z,T,M,negative
312,W,Z,B,H,C,Q,X,P,V,J,U,I,G,K,S,B,O,negative
313,U,M,K,C,T,Q,L,D,N,L,Z,D,A,F,P,S,A,negative
314,M,A,V,J,P,B,P,G,C,Q,B,S,X,G,J,L,F,negative
315,B,J,P,F,Z,M,R,D,R,T,U,S,N,S,J,T,B,negative
316,K,Y,G,G,G,K,S,Y,Z,Y,P,V,T,Q,E,L,M,negative
317,Y,V,E,C,J,L,W,F,G,D,G,L,S,K,S,Y,K,negative
318,F,C,A,T,T,U,K,K,D,R,Q,V,T,T,R,N,Q,negative
319,Y,P,X,I,P,M,R,Z,U,A,K,C,J,A,H,O,U,negative
320,W,U,U,V,C,B,D,T,H,X,E,F,N,G,C,Q,P,negative
321,E,L,S,R,C,F,P,K,J,C,X,F,J,Q,V,Z,C,negative
322,O,G,V,L,V,Z,L,D,B,V,J,J,U,U,W,Z,Y,negative
323,H,S,C,C,F,H,K,I,D,D,M,B,F,M,C,L,K,negative
324,X,E,R,V,I,X,D,V,Q,I,Q,T,Q,C,F,R,U,negative
325,O,O,C,S,H,N,K,Z,T,D,N,B,X,K,H,Q,Q,negative
326,X,R,O,G,I,E,B,C,G,P,I,I,J,P,P,F,V,negative
327,M,O,P,H,U,S,F,V,T,T,I,S,B,N,H,W,S,negative
328,K,J,I,N,H,G,D,E,Q,X,Y,Y,V,T,G,M,E,negative
329,G,M,X,B,U,N,D,X,B,R,V,K,C,Q,G,I,V,negative
330,R,Q,Q,I,R,Z,J,W,K,H,H,K,T,Y,L,V,G,negative
331,W,J,T,G,G,R,O,R,X,G,S,Q,V,E,C,V,A,negative
332,L,R,O,T,C,R,D,G,G,M,B,Q,X,W,B,M,G,negative
333,L,S,W,L,K,M,T,I,O,S,L,A,P,M,B,V,J,negative
334,X,V,D,K,R,P,K,P,W,I,R,A,Q,Q,W,K,D,negative
335,J,F,U,K,O,J,H,M,H,R,M,S,H,M,D,H,D,negative
336,F,E,I,K,C,T,C,J,V,K,D,T,F,W,T,P,V,negative
337,C,S,K,R,C,Z,Q,F,P,V,O,W,S,Y,I,D,V,negative
338,O,Z,I,K,G,X,C,K,D,P,S,Z,O,P,B,Q,Z,negative
339,Q,N,O,V,M,B,B,M,P,W,I,C,H,L,O,Y,I,negative
340,F,S,E,Q,C,E,K,S,K,A,W,G,P,F,H,L,X,negative
341,O,C,E,H,F,L,N,W,V,X,T,U,K,X,U,Y,E,negative
342,P,H,Z,A,I,W,W,D,Z,H,P,Q,W,E,Q,B,C,negative
343,Z,G,F,B,H,Q,T,V,V,W,T,O,E,S,X,P,T,negative
344,P,D,F,P,J,V,Q,U,C,Y,B,L,K,G,E,W,W,negative
345,G,F,T,R,R,T,M,X,C,Y,D,X,D,F,E,N,Y,negative
346,Y,D,J,P,K,Z,E,H,U,A,P,O,E,F,Z,O,S,negative
347,H,H,V,A,M,V,L,K,E,X,O,G,B,L,Y,F,Y,negative
348,V,S,V,F,T,W,X,Q,G,U,G,N,A,L,Y,W,Z,negative
349,X,H,K,M,K,M,R,P,X,Y,Z,N,L,F,V,M,L,negative
350,R,C,T,D,S,L,B,Y,T,L,M,G,J,P,D,H,Y,negative
351,D,L,K,D,V,Y,V,X,A,O,X,Q,D,I,V,U,J,negative
352,G,F,T,G,I,V,I,G,L,X,X,M,R,D,U,U,H,negative
353,M,Q,Y,P,J,G,X,E,V,E,T,T,U,W,J,B,H,negative
354,K,J,N,N,J,D,P,G,O,G,Z,P,N,S,L,J,O,negative
355,D,Y,D,H,A,M,U,W,W,M,P,W,W,M,D,P,P,negative
356,V,W,Z,E,Q,M,B,O,Q,I,J,I,M,J,M,E,G,negative
357,F,G,H,M,G,K,Z,P,A,O,Q,V,H,U,P,E,B,negative
358,L,M,A,E,X,H,G,N,V,U,X,I,Y,Z,W,X,Z,negative
359,Q,M,Z,T,Z,S,C,L,P,E,C,C,U,K,S,J,N,negative
360,K,P,Y,I,Y,I,B,G,I,H,B,R,Y,D,T,N,Y,negative
361,L,R,G,T,U,S,I,H,P,Q,O,B,C,M,F,G,O,negative
362,L,J,B,D,J,E,J,D,I,F,O,B,S,R,K,L,E,negative
363,K,T,T,D,Q,S,V,F,Z,F,T,E,K,Z,J,E,B,negative
364,Y,L,W,Y,H,B,H,F,Q,O,U,I,Q,V,G,X,P,negative
365,H,N,O,B,R,Y,Q,T,R,W,E,O,Z,X,T,Y,D,negative
366,O,K,N,U,E,G,H,E,B,S,K,L,Y,B,E,X,Q,negative
367,L,T,Q,Q,E,R,L,V,Z,R,B,C,H,E,S,G,N,negative
368,J,Y,G,R,P,R,Y,S,H,Y,N,U,N,D,Z,M,S,negative
369,O,O,N,W,I,M,V,Q,I,C,G,P,C,T,D,D,R,negative
370,Z,A,D,W,W,V,S,X,K,E,I,X,T,N,B,F,J,negative
371,Q,B,S,P,J,Z,P,Y,D,B,A,J,S,F,Z,A,Y,negative
372,J,V,M,K,K,J,B,W,U,C,Q,Y,L,T,Z,D,S,negative
373,J,R,E,O,H,W,Q,H,N,M,O,B,P,U,Q,U,B,negative
374,O,X,N,T,P,V,A,B,V,W,U,V,E,D,Q,I,C,negative
375,B,J,U,R,F,W,F,P,H,G,Z,R,N,H,J,J,Z,negative
376,C,K,L,F,H,G,K,L,H,I,G,Q,K,V,V,T,W,negative
377,P,W,A,S,X,W,H,V,N,Z,Q,F,D,N,B,Y,E,negative
378,G,U,Z,H,L,D,K,P,K,H,Z,X,L,Q,D,I,I,negative
379,X,M,J,W,X,V,Z,H,D,F,F,B,T,F,S,D,O,negative
380,V,H,H,L,R,G,F,V,J,O,Y,K,N,G,T,B,Z,negative
381,J,U,W,U,S,F,B,B,X,G,M,P,B,V,D,G,E,negative
382,L,T,T,T,C,K,X,D,A,H,O,Q,Y,E,Y,S,O,negative
383,D,B,I,Q,Y,R,W,I,D,C,P,P,S,I,M,I,M,negative
384,E,L,S,V,R,Q,R,Z,C,M,M,V,H,F,X,V,C,negative
385,Q,A,U,Y,E,K,L,D,P,B,W,I,K,V,S,O,L,negative
386,L,A,C,F,X,R,D,B,T,U,A,N,M,M,V,H,E,negative
387,C,P,K,K,L,U,M,L,I,I,Y,T,P,O,V,H,F,negative
388,N,Q,C,I,B,W,H,X,N,A,R,F,V,K,Y,M,N,negative
389,E,K,V,B,N,D,C,S,M,D,Y,R,D,B,G,E,B,negative
390,Y,L,Q,F,R,N,Y,X,V,N,F,V,M,T,Q,U,R,negative
391,P,M,V,F,B,J,F,L,U,A,Q,F,S,E,N,W,F,negative
392,F,W,C,B,F,C,Q,G,M,H,R,B,N,J,H,L,J,negative
393,K,A,W,B,F,P,L,I,Z,Y,W,S,U,A,H,U,B,negative
394,S,F,J,G,F,K,S,R,E,E,E,N,W,D,Q,K,Z,negative
395,Y,T,O,J,D,J,Q,Y,Z,L,T,C,E,V,A,Y,L,negative
396,U,L,Z,T,W,P,F,W,E,K,K,T,X,G,R,T,P,negative
397,F,S,B,N,C,M,R,X,K,J,H,N,T,D,J,N,H,negative
398,B,C,B,T,U,M,K,G,H,C,H,I,R,I,N,M,Y,negative
399,E,U,J,F,N,C,M,L,N,R,S,C,D,Z,D,L,L,negative
400,H,V,H,P,W,V,I,P,Y,G,X,T,Z,R,I,J,N,negative
401,I,V,I,I,U,T,F,Q,R,N,D,G,B,R,M,D,C,negative
402,N,Y,P,D,P,C,M,N,H,D,W,X,J,Y,E,J,Q,negative
403,Y,B,U,B,E,E,J,F,N,V,N,C,R,L,Z,J,K,negative
404,S,O,J,P,N,O,J,M,P,N,B,J,J,N,X,E,Q,negative
405,H,P,L,S,N,H,S,Z,L,P,C,A,F,L,Y,R,B,negative
406,B,O,J,C,Q,X,E,V,P,G,U,Z,S,U,L,L,M,negative
407,Z,D,Z,Z,I,F,H,B,V,N,K,N,M,R,R,N,B,negative
408,T,V,Q,O,X,X,X,W,K,N,O,C,B,O,M,W,M,negative
409,E,C,X,S,L,U,M,T,B,Y,U,K,A,O,W,Y,A,negative
410,P,V,E,C,G,C,X,U,V,U,S,Z,O,K,W,B,Q,negative
411,N,O,S,I,R,G,D,R,W,B,J,A,G,E,H,G,Q,negative
412,P,Y,R,J,X,U,D,G,Y,G,V,K,F,J,D,V,M,negative
413,N,L,B,R,R,J,S,K,O,Z,V,G,T,U,J,J,O,negative
414,H,T,D,I,T,J,O,I,P,C,D,N,H,H,O,O,D,negative
415,M,G,E,O,E,Q,Q,H,A,Q,Q,B,R,Z,A,S,A,negative
416,A,L,S,R,K,I,S,H,M,Y,A,X,P,K,D,D,H,negative
417,R,Y,F,H,D,Y,O,U,T,T,Z,A,Z,M,F,R,M,negative
418,H,V,L,Z,E,U,P,A,O,B,U,F,R,I,B,T,B,negative
419,Y,N,C,N,B,I,D,F,I,Z,L,K,V,G,O,T,X,negative
420,P,H,U,L,O,P,B,Z,K,W,I,X,P,K,H,K,R,negative
421,M,M,O,N,D,R,P,T,U,W,V,V,E,X,P,E,L,negative
422,A,S,M,M,A,W,O,Y,U,A,F,Y,S,V,M,N,Z,negative
423,D,A,R,Z,L,K,H,X,U,P,W,Z,A,N,Q,W,I,negative
424,N,O,L,D,Q,A,V,B,O,B,H,U,A,T,A,S,D,negative
425,U,E,J,G,O,M,F,L,K,D,Q,L,I,X,T,R,M,negative
426,Q,T,R,H,L,K,J,E,R,J,W,B,P,N,H,V,U,negative
427,P,M,V,Q,B,S,I,B,S,B,N,O,X,I,F,N,U,negative
428,M,X,C,S,X,Q,Y,M,X,T,O,T,U,M,L,D,Q,negative
429,Q,X,Q,J,E,Z,I,X,F,U,L,S,Z,P,D,S,Z,negative
430,W,Y,F,R,I,Z,T,K,G,L,V,W,J,B,K,X,D,negative
431,H,N,B,A,N,B,J,M,A,T,X,F,G,M,S,K,C,negative
432,G,D,V,G,Q,F,X,Y,S,P,J,K,H,C,Q,T,E,negative
433,E,P,D,Y,U,H,E,S,B,I,Y,J,B,J,C,N,U,negative
434,L,A,Z,N,R,N,C,B,B,C,Z,B,T,I,D,Z,V,negative
435,K,N,M,N,F,N,G,M,D,Y,I,A,A,C,U,A,R,negative
436,F,C,C,N,V,B,Z,B,F,B,L,Z,Q,O,V,U,C,negative
437,W,O,P,T,I,U,H,I,Q,M,R,M,W,B,V,W,O,negative
438,M,I,S,M,M,K,T,I,H,J,F,L,J,X,W,N,L,negative
439,H,D,I,C,P,K,J,Q,X,F,I,U,I,D,V,X,J,negative
440,H,S,W,F,K,W,U,G,W,O,N,S,B,U,N,M,V,negative
441,Z,E,K,X,I,F,C,A,W,V,C,W,I,C,O,R,M,negative
442,Q,S,V,D,K,X,M,J,U,X,V,B,F,Z,Q,J,W,negative
443,J,C,X,C,I,R,M,R,N,W,N,G,U,V,A,I,T,negative
444,G,I,T,F,T,L,A,S,B,N,P,R,R,W,K,Q,H,negative
445,X,I,J,K,J,N,B,M,B,J,Z,P,J,M,E,I,R,negative
446,Q,P,P,O,V,R,Q,U,I,H,I,D,K,Q,I,M,D,negative
447,Z,Z,Z,M,T,B,O,W,A,A,V,X,T,X,C,M,A,negative
448,L,F,F,C,V,I,S,W,S,A,V,M,D,L,P,Z,M,negative
449,K,Z,A,A,O,T,T,W,U,F,K,G,R,Z,I,Z,L,negative
450,D,X,P,Q,O,Y,U,I,V,X,N,F,C,O,X,C,Z,negative
451,K,E,K,C,S,N,Y,O,F,F,D,J,D,X,Z,N,J,negative
452,Y,M,N,X,V,K,W,T,T,R,N,G,I,F,H,L,X,negative
453,K,Z,H,S,C,G,X,R,N,N,T,O,X,S,O,A,Z,negative
454,K,V,N,Q,E,D,J,Q,P,M,B,E,L,M,U,M,J,negative
455,A,R,R,Q,H,N,F,R,N,L,Z,J,F,O,H,V,M,negative
456,I,O,S,O,K,P,B,S,P,O,O,R,I,Z,T,X,Y,negative
457,V,V,Y,Z,V,R,E,K,G,I,C,S,K,W,J,E,Z,negative
458,S,Q,D,Z,R,K,D,P,X,H,D,Z,N,G,H,Z,U,negative
459,M,A,B,L,S,V,E,O,T,P,A,S,R,R,Q,P,H,negative
460,S,C,M,G,I,C,K,U,H,C,G,G,D,M,I,M,X,negative
461,L,T,M,A,J,X,B,K,Q,S,E,A,O,P,A,C,L,negative
462,V,H,B,Z,U,L,Y,J,G,H,V,X,D,S,I,R,D,negative
463,O,Y,Z,Z,T,Y,Z,X,N,V,N,A,Z,E,C,L,I,negative
464,F,A,X,H,V,Y,H,I,J,F,B,E,P,F,B,O,X,negative
465,I,X,W,S,Z,V,G,Z,B,L,H,J,L,Q,N,T,H,negative
466,O,G,N,Y,K,M,Y,D,O,B,H,C,B,N,J,X,O,negative
467,A,V,J,I,P,Z,U,D,B,Z,W,H,L,W,C,R,V,negative
468,Y,Z,B,R,T,P,W,U,Q,M,U,P,X,T,W,N,W,negative
469,B,D,K,X,X,V,M,N,M,M,K,X,T,L,Y,X,G,negative
470,Z,K,S,T,A,G,R,Z,G,F,C,T,I,G,U,A,L,negative
471,C,A,C,M,H,H,E,I,B,I,J,A,A,A,G,B,S,negative
472,V,Y,F,G,B,D,H,P,P,A,A,O,R,B,K,Z,G,negative
473,H,F,V,B,S,M,E,L,N,J,R,G,N,S,P,W,X,negative
474,I,C,T,W,A,V,D,K,C,A,F,K,U,E,K,E,O,negative
475,H,I,I,U,H,X,F,V,K,P,L,A,E,E,A,X,A,negative
476,V,D,H,X,E,A,U,L,G,B,U,C,Y,Q,U,C,Z,negative
477,O,P,W,P,B,B,E,M,R,D,G,X,A,P,R,B,X,negative
478,M,P,C,N,J,N,G,X,I,S,P,E,T,J,E,K,K,negative
479,W,P,I,E,J,R,Z,D,P,F,A,A,Q,B,H,J,E,negative
480,W,P,O,H,Q,W,N,O,E,X,F,B,H,D,R,I,Z,negative
481,F,N,T,C,I,X,G,O,T,H,I,O,I,W,U,Z,I,negative
482,Z,D,K,T,L,C,H,F,D,B,F,R,C,W,Y,S,E,negative
483,S,M,V,W,U,K,H,H,Y,P,X,E,T,Q,K,P,Q,negative
484,M,M,E,W,Q,B,B,N,A,N,B,C,J,N,Q,D,G,negative
485,R,N,G,T,H,K,J,E,X,J,F,E,N,N,V,S,M,negative
486,P,O,H,Y,M,L,I,S,R,R,I,P,Z,N,L,P,T,negative
487,C,Q,I,E,A,T,Y,K,U,A,U,E,U,S,H,Y,A,negative
488,N,R,C,K,B,D,O,U,B,W,V,M,J,Z,N,C,D,negative
489,Z,L,I,R,F,W,R,G,U,N,J,U,R,R,Z,Z,D,negative
490,L,K,T,T,L,A,S,S,W,N,D,E,K,P,Y,P,B,negative
491,A,Q,A,Y,D,A,Y,U,T,E,F,H,R,U,M,W,V,negative
492,L,I,D,F,W,K,Y,H,C,V,M,G,Q,C,W,T,V,negative
493,B,M,F,C,N,S,L,U,R,E,R,M,Q,L,K,Y,H,negative
494,B,E,O,H,F,R,M,U,Y,X,L,Q,R,M,Z,R,N,negative
495,G,J,S,I,T,W,B,X,M,F,U,X,C,H,L,H,I,negative
496,F,D,D,I,Q,B,Z,M,V,N,C,Z,Y,Z,N,M,T,negative
497,W,V,H,A,O,C,Z,R,Z,C,N,K,O,L,N,Z,D,negative
498,C,Q,S,Q,V,Y,B,U,Q,B,M,H,O,E,B,C,J,negative
499,V,Y,H,Y,N,L,K,W,F,R,H,N,X,E,F,C,Z,negative
500,H,Q,P,I,L,S,K,B,V,T,Q,R,F,K,D,B,Z,negative
501,I,B,J,Y,J,T,M,B,K,T,R,B,Q,H,F,E,V,negative
502,C,F,R,C,A,T,G,K,Z,A,X,P,C,K,T,Z,I,negative
503,M,D,N,W,C,Y,W,D,I,N,R,U,J,G,F,I,G,negative
504,A,R,W,S,Z,J,V,G,N,B,S,V,Z,M,A,Q,U,negative
505,A,M,F,O,U,I,U,U,N,S,I,L,D,Y,W,M,Z,negative
506,J,O,Q,G,C,S,M,R,R,H,Q,U,K,F,L,L,Y,negative
507,T,Y,C,P,W,J,T,D,I,B,P,N,O,O,W,B,Y,negative
508,Z,B,X,M,J,V,A,D,V,V,G,J,B,R,R,Z,I,negative
509,S,N,I,C,E,C,B,T,D,J,G,W,Y,W,C,K,C,negative
510,U,Q,D,D,Y,V,Y,F,P,E,C,C,L,H,O,W,K,negative
511,K,T,J,G,O,D,W,U,H,M,N,D,G,Q,U,X,K,negative
512,J,J,A,F,N,L,P,U,O,V,W,L,D,E,J,H,C,negative
513,Q,U,E,E,Y,P,P,C,Z,E,J,D,V,A,Z,E,K,negative
514,S,U,H,O,H,A,F,Q,V,R,A,Z,Y,N,D,X,Y,negative
515,X,U,P,F,B,Z,Y,N,X,E,E,P,H,P,Z,Y,K,negative
516,K,P,F,I,C,O,V,R,Y,L,U,O,B,I,Z,J,R,negative
517,B,Q,R,P,Q,A,I,N,Q,D,F,G,X,D,A,N,L,negative
518,G,C,L,K,P,Q,I,P,A,U,F,K,K,G,A,G,B,negative
519,U,O,N,M,S,B,O,M,R,Y,O,O,R,K,B,C,I,negative
520,Y,Y,X,O,U,I,Q,P,Y,L,Y,N,H,L,I,R,I,negative
521,K,T,E,J,U,D,C,Z,K,R,F,J,X,I,H,X,V,negative
522,J,Q,H,M,P,R,T,Z,Z,T,A,O,H,L,P,E,O,negative
523,A,N,C,T,F,I,U,J,P,G,G,M,U,O,Z,B,B,negative
524,R,S,I,L,F,X,S,D,I,G,U,M,Q,Y,G,G,G,negative
525,L,A,V,D,G,I,J,F,W,Q,G,Q,U,P,H,T,Z,negative
526,N,Q,G,J,O,Z,Y,E,N,B,E,A,W,N,D,F,M,negative
527,W,I,V,C,Q,A,E,E,V,O,D,J,F,V,T,S,M,negative
528,V,Q,O,H,Z,J,O,C,H,U,W,V,G,W,T,P,F,negative
529,Q,J,Q,U,I,Y,H,H,G,Q,V,L,P,X,T,M,U,negative
530,X,J,N,O,N,Q,D,U,V,O,T,O,Y,B,B,E,E,negative
531,R,U,J,E,D,S,J,U,X,D,Q,Z,Z,P,K,G,R,negative
532,Z,P,K,N,S,U,G,H,R,L,G,P,N,U,H,T,V,negative
533,F,S,D,X,O,X,I,Z,O,B,I,K,K,Q,X,H,Z,negative
534,R,K,F,E,A,F,Y,Y,M,A,R,Y,A,N,U,G,E,negative
535,W,L,A,W,F,Z,N,N,F,T,Y,Z,I,T,K,G,F,negative
536,E,Y,N,N,T,Q,F,R,E,H,G,H,S,U,D,L,Q,negative
537,C,N,K,C,X,Q,H,Q,M,T,K,V,P,H,D,X,F,negative
538,X,V,J,V,V,X,Z,H,H,Z,F,O,E,U,J,E,C,negative
539,Y,A,Q,B,X,S,I,V,Z,C,E,F,I,E,J,R,C,negative
540,L,Y,Z,Z,X,S,A,G,J,X,F,U,O,N,I,N,A,negative
541,T,B,V,R,B,U,X,Z,M,R,I,D,E,T,J,X,J,negative
542,O,V,L,X,R,M,B,H,B,P,U,C,N,U,J,E,R,negative
543,Z,W,A,O,K,L,O,N,B,Y,X,P,F,H,Z,A,U,negative
544,S,Y,V,R,J,S,V,X,A,F,I,Y,B,A,T,M,H,negative
545,J,M,W,X,F,N,Q,F,O,C,H,I,M,C,K,Z,A,negative
546,Q,W,C,M,N,V,D,D,Y,K,I,A,T,E,Q,P,V,negative
547,L,B,Z,H,Z,N,T,X,A,Q,W,J,W,D,C,B,I,negative
548,L,Y,X,F,R,A,K,E,U,A,P,P,H,B,R,O,N,negative
549,N,B,Z,G,W,R,N,L,H,V,F,R,H,F,P,M,X,negative
550,A,Q,U,K,D,K,A,T,Q,J,Q,B,G,O,Y,E,F,negative
551,L,M,O,J,E,X,W,F,K,H,X,O,E,P,M,J,L,negative
552,V,X,Z,F,P,Q,F,J,I,J,X,H,G,N,Z,C,A,negative
553,L,V,X,H,R,E,D,T,S,B,Z,X,J,W,U,W,Z,negative
554,R,Q,V,J,K,R,D,L,J,L,K,W,S,D,O,V,L,negative
555,L,U,X,H,T,R,B,L,H,N,H,S,L,O,M,X,G,negative
556,M,S,X,L,Q,K,U,Q,O,L,E,O,A,A,L,F,I,negative
557,A,L,J,V,P,B,U,O,D,R,J,I,B,B,P,F,O,negative
558,E,Z,F,U,D,F,L,N,L,F,O,I,K,J,R,H,V,negative
559,H,C,R,A,D,E,M,Q,S,M,I,V,U,O,J,O,A,negative
560,Z,Z,E,H,J,O,X,X,C,H,V,M,M,E,K,S,I,negative
561,G,F,A,R,F,C,Q,K,R,N,B,S,M,Q,X,W,H,negative
562,Z,F,M,E,F,Y,B,F,F,R,H,J,E,B,T,M,T,negative
563,C,N,P,O,M,S,O,M,S,N,C,M,F,Y,B,S,P,negative
564,Z,V,H,K,X,O,U,Y,L,K,A,C,Q,W,Z,U,V,negative
565,W,Q,V,D,X,H,L,X,E,W,X,U,R,R,G,V,J,negative
566,P,O,G,N,G,T,H,Q,M,B,F,D,L,X,L,M,Y,negative
567,B,Q,C,E,J,R,N,R,L,H,F,P,S,C,K,D,I,negative
568,Z,J,O,U,B,Y,W,E,P,O,L,M,I,J,T,J,L,negative
569,Z,G,C,N,Q,Z,G,K,X,K,G,M,T,H,L,Y,G,negative
570,Y,X,O,H,U,H,I,G,B,W,E,B,Q,B,S,U,W,negative
571,B,E,F,F,R,P,I,O,U,N,A,G,G,A,K,J,W,negative
572,J,D,I,X,I,G,N,N,L,C,P,J,K,K,F,K,Y,negative
573,M,K,D,G,X,W,T,I,D,V,N,S,V,O,S,M,Q,negative
574,A,H,H,U,K,T,D,X,G,P,F,F,T,V,N,K,A,negative
575,K,G,H,Q,O,L,X,X,C,B,V,V,U,J,E,O,G,negative
576,A,A,Q,X,E,G,X,D,A,T,X,L,B,V,C,Q,S,negative
577,X,J,K,J,P,D,G,P,X,A,D,V,F,S,W,Q,H,negative
578,F,I,U,G,P,F,R,L,S,P,I,J,Q,S,E,Y,F,negative
579,E,R,L,E,C,P,X,K,X,P,F,B,Z,Q,D,D,N,negative
580,M,K,F,S,D,V,D,N,F,L,Y,H,D,J,J,K,J,negative
581,D,W,Q,W,L,Y,R,V,C,X,E,N,S,G,U,N,A,negative
582,R,H,B,F,S,N,T,H,Z,D,D,H,A,Z,E,B,C,negative
583,V,B,S,T,G,U,W,G,D,N,J,D,V,L,H,M,V,negative
584,Z,W,A,R,U,T,K,O,H,G,M,Y,K,B,O,I,E,negative
585,L,Q,D,J,V,M,L,P,K,B,X,L,O,D,E,U,Y,negative
586,B,Z,I,G,E,T,L,V,P,X,G,S,T,A,H,A,N,negative
587,P,H,R,Z,D,F,F,G,Q,E,X,G,B,G,Z,Z,H,negative
588,U,Y,I,D,D,P,D,H,J,E,I,V,O,H,D,P,V,negative
589,Y,C,U,D,P,M,A,T,Y,C,O,Y,P,U,Q,K,I,negative
590,T,U,V,B,G,M,A,R,E,X,R,M,X,I,F,L,Z,negative
591,G,M,O,G,F,L,Z,D,Q,A,Y,Q,H,O,S,P,U,negative
592,D,W,V,E,U,K,D,J,R,H,M,O,H,H,Z,U,F,negative
593,G,L,J,F,D,J,H,J,K,Z,B,F,Z,G,K,B,N,negative
594,A,I,L,A,C,F,V,G,B,D,V,E,Z,X,E,K,G,negative
595,H,Q,M,C,B,T,H,M,U,V,O,Q,G,G,L,P,X,negative
596,E,C,B,M,R,O,S,X,V,Y,G,B,T,H,C,W,T,negative
597,M,I,F,P,P,Z,B,V,X,M,K,I,N,Z,K,B,C,negative
598,A,G,T,F,M,P,S,G,O,P,M,H,D,X,G,G,B,negative
599,B,B,T,P,M,T,Y,D,F,G,D,F,W,E,Q,O,L,negative
600,U,R,I,U,N,L,C,Y,P,Y,E,A,L,F,B,Y,F,negative
601,T,M,S,A,F,O,R,S,K,B,M,R,I,Z,U,M,W,negative
602,B,K,L,Y,V,F,S,R,W,K,M,X,L,D,L,E,V,negative
603,O,R,Q,Z,M,N,D,B,Y,F,F,W,W,H,S,V,D,negative
604,M,O,Q,O,O,Z,P,F,C,X,S,P,M,P,R,H,P,negative
605,B,A,J,G,U,M,Z,M,M,G,T,A,J,B,G,G,J,negative
606,C,P,X,E,J,W,A,S,C,H,Y,K,B,M,U,H,X,negative
607,Q,Z,T,B,X,Q,J,B,N,O,J,P,C,O,Q,T,V,negative
608,L,O,Z,D,M,R,B,B,R,D,W,L,H,O,W,M,E,negative
609,G,V,L,T,W,B,Z,P,V,L,L,N,N,H,Z,P,P,negative
610,G,L,Y,L,Z,F,R,I,R,R,C,R,Y,Y,X,M,K,negative
611,N,O,F,U,U,Q,T,D,O,F,R,V,U,Z,U,S,D,negative
612,F,R,F,G,Z,P,H,B,W,K,M,I,H,S,S,B,N,negative
613,W,G,T,D,I,V,S,V,K,Y,R,G,O,M,V,O,C,negative
614,Q,X,S,J,W,R,E,U,S,B,Q,B,L,E,B,U,O,negative
615,N,F,W,M,V,A,V,P,Z,L,H,E,F,N,C,X,B,negative
616,H,S,Z,H,Q,M,C,H,U,I,J,P,J,I,L,X,Q,negative
617,A,T,E,Q,H,R,W,P,A,Q,M,W,X,S,N,Q,W,negative
618,S,S,O,F,Z,O,Q,T,P,R,C,O,G,M,N,F,U,negative
619,S,I,A,A,D,X,U,X,C,N,G,O,X,J,X,U,Z,negative
620,Z,Y,U,Y,P,L,A,Z,K,G,W,B,K,W,H,L,N,negative
621,Y,N,Q,M,Z,L,D,P,X,P,U,X,P,Y,E,N,Y,negative
622,Y,X,J,Z,O,E,C,X,X,T,N,Z,L,E,B,S,X,negative
623,J,M,A,W,T,G,X,W,B,T,G,A,L,Q,G,G,R,negative
624,V,W,M,P,C,R,T,U,W,S,H,Y,A,J,I,Y,A,negative
625,O,R,N,R,E,K,Z,Q,V,R,V,P,X,J,P,C,U,negative
626,Z,C,S,Z,E,P,P,L,P,R,Z,J,Z,G,U,I,T,negative
627,R,F,F,X,G,R,D,O,A,D,Q,H,C,D,B,S,T,negative
628,V,G,N,D,P,U,E,G,R,G,D,N,B,O,R,V,E,negative
629,N,R,R,T,Q,H,Y,X,E,D,N,C,V,B,H,O,Z,negative
630,Y,S,Q,L,C,T,N,A,E,Z,G,R,T,Z,B,L,F,negative
631,Q,X,Q,U,M,G,V,U,Z,C,F,Q,N,J,C,F,O,negative
632,X,Z,Z,D,V,M,P,R,E,C,U,W,M,A,P,R,Z,negative
633,G,F,C,Z,T,O,B,X,J,D,P,B,I,K,S,Y,C,negative
634,I,I,B,W,I,L,M,X,D,L,R,Z,L,Q,R,Q,R,negative
635,N,B,A,K,M,M,I,K,U,T,E,V,J,I,L,R,W,negative
636,H,B,Z,I,L,O,Z,X,D,Y,Y,A,W,A,X,J,L,negative
637,F,S,R,N,K,O,G,Q,G,F,P,D,F,Q,N,L,F,negative
638,S,K,N,L,H,T,E,B,F,S,R,Q,W,U,U,Y,G,negative
639,H,U,I,F,C,M,O,I,V,N,H,I,A,V,M,G,W,negative
640,J,N,X,C,P,W,Y,I,R,K,X,Y,B,Z,J,T,C,negative
641,E,J,Y,Q,P,B,X,S,L,Y,E,A,X,Q,V,E,P,negative
642,D,E,K,Q,K,A,N,N,V,W,G,V,O,L,W,Z,V,negative
643,Q,G,G,Y,J,Z,I,F,Y,T,C,Y,F,H,Q,Q,Q,negative
644,W,G,V,U,M,X,Z,P,P,Z,N,A,E,Q,L,M,X,negative
645,U,Y,F,D,I,T,K,K,I,Z,T,I,W,B,P,S,K,negative
646,A,V,F,P,S,V,U,B,R,F,Y,Z,S,A,M,G,Y,negative
647,G,H,W,O,E,V,Z,Z,T,T,T,T,L,B,G,T,K,negative
648,J,A,H,C,P,Q,P,N,A,E,Z,V,J,G,T,S,S,negative
649,L,N,A,I,R,I,A,T,X,A,A,Q,T,U,A,E,W,negative
650,Y,K,C,V,I,M,N,O,N,J,O,F,S,A,E,T,F,negative
651,C,R,W,S,V,G,E,S,V,M,J,B,P,Y,C,G,G,negative
652,U,J,M,V,E,C,G,D,B,O,Z,H,R,T,C,A,U,negative
653,G,R,R,X,Z,U,J,S,G,N,B,G,W,E,X,G,Q,negative
654,E,N,L,Z,C,P,M,L,L,Q,H,G,L,H,R,N,P,negative
655,N,D,X,R,E,S,Q,O,S,U,N,L,Y,W,C,V,F,negative
656,A,Z,D,C,T,J,V,N,H,Y,E,O,W,B,P,V,L,negative
657,J,M,O,F,H,Z,H,I,Q,N,A,O,D,M,T,L,C,negative
658,R,H,R,G,X,T,U,U,H,Z,E,W,J,E,P,B,R,negative
659,T,M,V,R,H,Y,Q,B,A,Y,I,J,G,T,P,P,F,negative
660,I,K,T,R,B,H,O,L,V,R,W,D,M,K,R,O,V,negative
661,Q,M,B,Z,U,I,C,C,S,J,T,W,W,X,A,H,H,negative
662,K,S,U,N,E,T,W,I,H,Y,Y,Z,M,A,O,D,B,negative
663,L,O,Q,T,M,L,D,U,A,B,Y,S,G,Q,F,V,Z,negative
664,Q,O,G,J,K,S,P,H,J,L,R,Z,G,O,R,S,P,negative
665,H,L,R,G,K,I,A,Y,H,N,N,K,D,Z,I,T,C,negative
666,X,J,I,V,X,Z,U,A,Z,V,C,B,A,W,Q,O,G,negative
667,R,Z,W,B,J,R,A,E,Z,E,F,B,J,N,G,A,B,negative
668,V,S,A,J,J,Q,K,C,V,S,R,S,U,R,E,S,K,negative
669,N,G,F,D,M,A,H,G,K,O,D,P,L,H,O,A,J,negative
670,G,X,R,X,T,R,L,W,T,H,T,Z,N,Q,A,U,L,negative
671,P,L,B,U,P,Q,L,G,Z,K,K,T,L,Y,O,I,C,negative
672,M,J,J,L,N,G,G,E,O,J,M,U,Y,S,V,F,C,negative
673,H,K,R,X,E,Z,Y,R,C,R,L,E,Q,N,O,W,V,negative
674,I,Y,F,E,H,R,Z,C,O,C,U,Y,R,M,S,Z,T,negative
675,V,Y,D,K,C,F,D,M,Y,T,C,H,P,K,L,V,F,negative
676,Y,Q,P,F,B,J,F,D,D,H,U,Q,U,J,T,O,J,negative
677,L,N,W,C,K,X,S,P,K,P,D,Y,D,M,R,C,J,negative
678,X,S,K,K,M,V,P,Q,I,N,D,Y,T,I,I,Z,I,negative
679,R,W,O,J,A,I,C,L,S,V,U,F,T,E,B,S,D,negative
680,G,D,W,L,Z,F,E,M,P,G,T,W,E,U,G,S,C,negative
681,E,Z,G,K,V,H,W,I,M,H,V,E,H,M,B,V,S,negative
682,H,U,L,B,X,S,D,H,G,W,G,M,Y,G,C,Z,O,negative
683,Z,I,X,E,V,W,Q,B,T,R,E,D,Z,C,L,T,B,negative
684,B,X,G,E,P,S,H,T,Y,B,Z,A,N,G,I,P,S,negative
685,U,K,Q,I,S,K,D,P,L,M,J,G,S,E,L,S,Q,negative
686,C,V,O,T,V,V,L,Q,R,N,B,Q,Y,A,B,D,J,negative
687,U,P,K,M,Y,U,I,A,Z,U,J,G,Z,I,J,S,D,negative
688,S,H,P,J,K,Y,U,P,T,D,V,I,L,O,N,Q,O,negative
689,E,O,S,F,I,Z,R,Y,V,L,K,W,P,D,A,C,P,negative
690,U,C,W,W,V,V,H,H,S,M,D,E,Y,X,Z,K,N,negative
691,H,L,J,R,J,K,R,J,N,Y,A,D,R,E,A,C,Y,negative
692,E,Q,X,J,J,J,G,V,B,T,S,R,M,V,K,N,J,negative
693,P,S,C,S,Y,I,F,W,L,F,B,B,U,A,E,G,I,negative
694,C,T,J,L,V,H,G,E,L,Z,V,U,S,X,R,H,Z,negative
695,K,Z,J,G,O,H,U,S,H,R,D,Q,Q,O,T,A,K,negative
696,H,J,I,E,U,H,Y,Z,R,I,H,I,V,I,Y,H,N,negative
697,E,Z,Z,E,V,W,I,O,Z,S,O,I,S,H,O,P,Q,negative
698,I,H,B,D,E,B,O,P,C,C,C,X,L,Z,W,N,N,negative
699,Y,X,A,H,I,H,M,E,A,C,L,E,S,A,K,X,C,negative
700,V,C,M,Y,L,N,E,A,G,B,M,H,Z,S,J,L,L,negative
701,R,O,J,E,Q,O,W,R,C,P,G,B,R,N,K,Z,S,negative
702,R,Q,A,E,X,C,Y,D,E,V,A,I,R,D,J,N,F,negative
703,H,S,G,M,Q,K,A,U,D,L,P,N,I,M,R,D,W,negative
704,U,C,F,I,K,L,M,D,R,I,Q,X,R,D,B,S,H,negative
705,V,E,T,J,L,B,W,Y,M,O,W,G,E,Y,K,I,T,negative
706,O,J,K,H,B,U,D,X,Y,L,W,E,F,D,G,U,F,negative
707,T,F,X,W,F,E,S,S,Z,P,P,C,R,Z,A,O,B,negative
708,G,E,B,I,U,A,K,C,U,O,F,P,Y,J,K,X,F,negative
709,M,P,B,V,W,Z,K,H,F,A,W,Z,G,H,J,C,Y,negative
710,D,L,B,A,E,V,A,Z,G,D,C,V,I,K,H,P,T,negative
711,H,Z,S,Q,B,L,Q,T,K,S,L,Q,B,W,M,I,O,negative
712,R,M,J,X,I,A,Y,R,Y,D,N,Q,O,Q,T,N,O,negative
713,D,C,P,W,A,T,Y,E,C,P,E,C,S,S,W,J,B,negative
714,H,W,X,Z,G,E,X,Q,K,H,S,G,U,C,J,B,V,negative
715,K,M,K,X,G,E,M,M,S,Y,G,W,P,M,Z,U,Y,negative
716,A,S,I,O,T,J,T,I,T,D,D,H,C,B,W,C,X,negative
717,L,H,L,V,F,T,L,T,C,G,E,D,U,Q,M,V,U,negative
718,F,Q,X,D,O,T,A,R,X,N,F,V,K,W,W,T,H,negative
719,H,T,U,W,F,T,C,W,Z,S,I,V,P,S,J,N,G,negative
720,K,I,B,U,S,Y,E,Y,S,Y,K,F,W,E,R,E,Y,negative
721,X,F,L,Y,W,V,X,Z,G,E,S,Q,Q,V,A,Q,S,negative
722,O,M,M,X,I,U,I,R,H,U,K,P,N,R,U,J,D,negative
723,C,D,E,X,P,F,S,U,J,N,F,D,T,F,Y,M,F,negative
724,C,W,M,T,Q,J,B,S,M,J,L,H,H,N,W,X,C,negative
725,Z,X,J,M,L,W,M,A,K,O,Q,U,A,G,J,C,P,negative
726,T,P,X,U,R,A,D,J,I,G,X,M,R,Q,A,M,R,negative
727,M,A,W,C,V,D,V,D,Y,A,I,V,N,P,P,P,V,negative
728,K,W,H,W,N,F,F,M,P,H,C,I,J,Y,D,F,P,negative
729,X,L,C,C,J,H,F,W,F,C,O,A,O,M,D,X,S,negative
730,G,Y,D,U,M,C,G,V,L,Z,O,J,P,R,E,Z,M,negative
731,V,Z,D,Z,O,N,S,T,M,O,G,Z,H,G,A,D,K,negative
732,G,S,G,L,Q,B,S,F,D,T,W,N,M,Q,Z,I,I,negative
733,R,V,I,L,F,H,U,E,E,X,I,F,R,C,Q,E,B,negative
734,F,I,T,W,X,W,F,R,Z,Q,H,H,A,K,N,Q,C,negative
735,V,F,Z,Y,F,G,P,C,U,H,E,N,V,Q,D,P,A,negative
736,Y,Y,D,F,X,T,C,Y,P,P,X,R,M,H,D,X,F,negative
737,K,N,Y,P,I,Q,J,P,V,B,I,J,J,B,H,O,D,negative
738,V,K,H,T,A,S,R,O,K,C,E,H,G,W,H,J,F,negative
739,S,X,I,T,T,V,S,K,J,A,W,O,U,B,R,Z,H,negative
740,E,J,S,Y,H,L,O,F,G,F,A,R,V,O,D,E,M,negative
741,W,E,H,K,U,L,W,L,Z,Y,T,U,Y,B,T,D,F,negative
742,N,R,L,I,G,G,V,S,N,P,W,A,W,U,N,N,F,negative
743,Y,N,U,K,F,C,Z,U,W,V,H,L,O,K,S,B,Z,negative
744,N,Q,X,C,J,P,O,G,W,Z,W,Q,C,Q,F,R,J,negative
745,V,X,R,U,M,M,J,T,V,S,U,H,V,N,R,U,F,negative
746,Y,G,I,S,I,U,F,F,Y,S,W,R,V,Z,Z,D,T,negative
747,B,F,Z,V,G,O,S,Y,F,T,N,O,J,W,E,E,D,negative
748,R,Q,K,W,F,W,B,W,L,Z,G,X,M,J,M,X,B,negative
749,F,Q,K,V,E,W,F,K,G,N,F,B,I,E,B,R,K,negative
750,K,Y,Q,J,P,K,M,D,F,R,Z,L,G,J,G,L,V,negative
751,L,N,K,G,I,S,K,L,P,D,W,I,S,C,N,V,B,negative
752,W,O,T,F,H,R,W,H,Z,I,W,X,V,P,P,I,L,negative
753,V,Y,U,X,E,G,S,O,E,S,R,A,D,B,A,Q,O,negative
754,M,T,G,Z,F,E,S,A,D,B,Y,O,U,D,F,Z,J,negative
755,L,V,T,G,R,G,I,E,I,B,L,G,F,L,H,L,D,negative
756,T,Z,V,F,D,X,P,D,E,G,S,Z,B,V,Q,S,L,negative
757,G,F,Y,L,W,T,C,N,D,I,L,M,Q,P,Z,A,S,negative
758,Z,E,G,N,H,Q,P,Q,F,L,O,G,X,V,S,T,B,negative
759,V,V,J,N,D,S,Z,F,O,G,N,X,D,I,T,J,M,negative
760,S,T,Q,P,M,O,V,V,Z,J,K,U,D,H,Q,F,B,negative
761,L,A,U,U,U,C,F,D,U,C,A,K,W,L,T,O,P,negative
762,C,G,T,A,Q,U,Q,X,Q,M,Y,Y,F,S,Q,P,Y,negative
763,J,B,C,S,H,G,C,X,X,H,P,V,Y,V,Z,E,U,negative
764,C,X,K,E,Z,V,R,Q,T,I,M,L,V,D,F,I,Z,negative
765,E,F,D,K,Q,Z,L,P,I,B,G,Z,A,P,H,W,D,negative
766,F,S,Z,D,P,X,K,F,W,M,R,K,U,U,T,Q,I,negative
767,P,Z,W,D,G,A,P,U,E,K,T,V,U,B,F,X,N,negative
768,T,C,R,K,K,P,Y,C,X,E,H,G,W,P,R,P,F,negative
769,T,Y,V,I,U,I,P,Z,L,V,A,N,Y,N,E,V,G,negative
770,G,G,R,X,Y,J,Q,E,E,W,J,O,C,Z,Z,M,J,negative
771,J,F,H,S,F,E,Z,C,P,J,F,G,E,O,T,U,S,negative
772,U,J,T,Y,W,T,Z,H,E,H,R,M,O,Y,Y,A,G,negative
773,Q,S,L,L,G,G,M,S,Z,U,U,P,A,C,X,I,A,negative
774,X,T,Q,U,N,T,E,G,X,B,M,F,A,Q,A,U,Q,negative
775,H,A,U,H,D,F,L,Q,E,R,T,V,N,M,D,S,Y,negative
776,V,X,G,E,G,H,Q,A,N,N,A,I,D,T,Z,Y,Y,negative
777,T,B,N,J,S,H,O,N,D,R,U,T,J,K,H,D,Y,negative
778,A,H,E,F,I,K,K,J,J,H,A,A,R,U,V,I,K,negative
779,V,H,K,D,U,R,N,N,F,T,C,U,Q,I,R,F,O,negative
780,E,U,D,C,Y,V,J,D,A,K,I,H,N,E,S,Z,M,negative
781,J,Z,P,B,F,S,M,K,I,V,R,I,P,J,W,L,F,negative
782,T,H,T,X,F,M,O,J,Z,B,A,A,E,R,B,U,X,negative
783,V,O,U,Z,Y,S,R,P,V,N,U,I,J,C,Y,Y,X,negative
784,T,A,G,J,R,G,K,Y,V,G,H,X,D,H,I,S,P,negative
785,J,O,N,Y,I,Y,S,S,Y,Z,B,R,W,G,M,Y,G,negative
786,P,O,F,Q,Y,M,K,Z,Q,H,O,R,L,V,U,M,Q,negative
787,Y,T,E,S,H,P,U,F,D,A,C,H,D,I,U,R,X,negative
788,Z,E,L,N,E,B,K,W,E,H,J,Y,C,T,I,K,D,negative
789,U,J,A,N,J,E,P,Y,S,K,Z,I,P,B,Z,Q,G,negative
790,J,X,Y,O,Z,Q,S,L,G,Q,W,T,A,L,H,P,T,negative
791,Q,F,C,P,Q,Y,P,K,Y,G,H,F,P,I,H,K,E,negative
792,D,T,D,B,B,U,F,G,B,Z,T,Q,I,K,F,F,C,negative
793,N,Z,T,E,J,Q,H,P,L,C,K,L,F,E,T,L,V,negative
794,W,L,G,C,J,K,K,B,T,U,K,W,U,O,W,Y,F,negative
795,K,K,U,F,W,N,G,Q,S,V,V,I,I,G,I,S,S,negative
796,Z,P,B,F,V,V,R,W,L,A,Z,N,K,B,V,G,W,negative
797,N,P,B,B,S,A,M,Y,P,M,Y,T,V,R,W,O,H,negative
798,S,C,V,K,P,R,C,A,A,N,W,U,J,C,S,L,K,negative
799,K,Z,K,G,H,T,V,B,M,N,N,H,K,Z,N,U,E,negative
800,B,D,Q,Z,I,S,N,X,P,L,P,N,R,S,O,C,G,negative
801,N,H,X,O,X,P,U,A,S,R,F,A,Y,E,Z,G,H,negative
802,K,R,Y,T,Y,O,X,W,W,P,P,D,B,W,F,J,X,negative
803,U,F,T,A,N,R,O,F,G,F,W,C,Y,U,J,A,J,negative
804,J,A,B,Y,D,W,P,Q,N,F,Z,L,F,B,B,M,J,negative
805,G,P,G,Y,E,S,O,I,J,L,E,F,J,M,R,N,E,negative
806,P,S,X,Z,U,H,U,G,H,E,L,Z,S,B,Q,E,Z,negative
807,U,C,Y,S,D,P,B,I,U,K,K,V,A,K,E,J,Y,negative
808,X,W,Y,Y,T,N,B,B,L,Q,D,M,I,Z,I,Q,M,negative
809,U,L,C,R,Z,T,W,H,A,Z,W,E,H,E,O,U,H,negative
810,W,M,W,V,Z,R,J,I,B,C,R,Q,W,B,X,A,E,negative
811,C,Y,Y,U,B,U,L,B,Q,T,A,N,I,O,H,B,O,negative
812,B,P,P,Q,O,N,Z,X,D,F,L,S,N,D,W,W,Y,negative
813,V,B,C,Z,Z,K,G,A,N,L,I,L,C,L,X,N,D,negative
814,S,D,S,D,G,O,E,F,J,J,R,I,Y,V,V,Z,O,negative
815,B,J,R,G,O,G,J,B,L,Y,N,L,X,Y,Z,F,I,negative
816,C,S,D,M,V,E,H,R,A,H,N,E,W,X,X,O,J,negative
817,R,K,Z,M,V,D,F,D,E,C,P,A,C,M,J,K,R,negative
818,Y,F,C,Z,L,L,U,A,F,Q,E,F,F,W,Z,A,J,negative
819,H,X,E,T,Z,O,T,T,E,T,F,X,T,T,Z,A,G,negative
820,O,H,V,M,T,Q,U,M,C,N,M,L,B,B,X,U,Q,negative
821,O,Y,Z,J,M,O,O,L,G,C,H,F,F,V,O,M,V,negative
822,U,O,Y,P,U,G,V,F,X,C,P,C,O,D,K,M,B,negative
823,V,T,G,T,H,Z,D,U,C,U,M,D,L,Y,Y,R,Q,negative
824,T,Z,H,R,Y,G,T,X,D,Z,D,I,T,I,O,Y,G,negative
825,N,Y,V,J,R,P,Y,G,C,M,E,N,Q,G,B,T,I,negative
826,L,W,G,V,L,O,E,F,D,M,Z,T,O,N,E,H,Z,negative
827,P,H,R,B,O,O,T,Z,Q,G,C,M,A,B,E,Q,J,negative
828,L,G,P,D,I,D,A,B,N,I,O,Q,A,E,R,A,V,negative
829,H,D,G,M,Z,O,G,Y,Y,K,F,B,K,G,K,G,V,negative
830,S,K,J,T,H,X,T,P,A,Y,P,E,Y,P,P,A,K,negative
831,A,V,O,B,D,X,F,S,I,Z,H,P,F,U,C,D,R,negative
832,Z,N,Z,P,U,J,Y,T,C,D,Y,V,B,L,A,O,P,negative
833,F,Z,V,K,T,S,T,Y,M,N,F,G,B,T,S,R,U,negative
834,R,N,Y,V,F,H,Y,T,X,N,O,B,E,G,L,O,U,negative
835,V,O,B,R,N,E,S,X,T,U,C,N,O,U,X,N,J,negative
836,E,R,J,R,N,G,E,G,P,H,P,Q,W,B,L,H,P,negative
837,I,Y,P,H,K,Y,Z,B,T,R,B,E,Z,I,Y,V,S,negative
838,F,W,Y,P,B,O,C,W,B,E,S,Q,R,Z,E,B,M,negative
839,O,D,P,B,I,O,F,I,B,O,X,O,D,U,A,L,K,negative
840,I,V,L,T,V,R,U,X,E,K,M,M,F,E,R,C,Q,negative
841,T,O,S,B,K,Y,S,Y,H,D,C,J,N,X,E,T,W,negative
842,C,R,K,N,H,M,N,I,P,Q,N,O,F,G,W,H,D,negative
843,T,B,X,O,F,R,G,Q,D,B,O,L,T,W,Y,L,R,negative
844,O,G,H,M,W,J,P,P,L,M,C,U,B,R,J,M,N,negative
845,Z,N,H,J,Z,O,A,H,T,W,S,L,O,R,V,A,N,negative
846,B,K,P,O,A,K,W,H,I,M,Q,S,I,F,C,P,A,negative
847,L,U,V,O,V,U,P,E,E,S,G,L,T,V,Y,E,L,negative
848,V,Y,V,T,N,D,B,K,P,D,M,Y,C,Y,T,V,Y,negative
849,X,K,P,R,Z,I,S,B,P,Q,G,A,O,V,L,G,I,negative
850,K,U,B,O,S,M,O,T,B,H,P,N,K,K,G,F,O,negative
851,V,I,L,U,X,U,O,F,S,X,R,X,X,K,X,B,U,negative
852,I,K,W,D,S,Y,T,L,A,T,V,U,X,P,J,X,Y,negative
853,G,Y,J,T,V,O,B,X,E,K,G,V,R,T,O,E,I,negative
854,X,M,Y,O,H,U,I,L,Y,Z,V,Q,B,V,Z,Q,W,negative
855,U,L,V,G,D,D,T,W,H,K,C,I,B,M,R,L,F,negative
856,T,Y,J,S,C,Y,C,H,C,T,I,C,W,A,W,X,Z,negative
857,A,X,I,C,T,U,N,D,B,F,L,Y,Z,U,E,A,I,negative
858,U,V,R,O,W,I,J,E,P,H,D,I,S,E,L,S,O,negative
859,E,X,C,A,I,H,U,W,L,F,W,E,O,Q,W,X,L,negative
860,U,N,M,N,X,X,A,R,H,X,N,S,D,Q,M,L,F,negative
861,R,W,W,Z,N,L,X,D,F,A,A,B,N,Z,Y,N,H,negative
862,P,W,P,C,C,Q,O,D,R,Y,W,C,S,P,O,X,M,negative
863,N,T,P,H,L,E,R,Q,X,J,A,B,Q,P,I,K,A,negative
864,K,K,K,F,L,C,U,Q,M,S,R,U,U,Z,N,P,P,negative
865,N,N,V,U,H,V,C,T,T,T,K,L,H,S,Z,L,U,negative
866,D,H,O,L,U,E,B,A,R,Q,M,N,Z,S,S,K,A,negative
867,T,D,V,N,X,S,Z,N,W,C,F,V,X,D,Y,X,L,negative
868,V,J,W,B,A,E,B,A,A,M,A,D,S,D,H,I,U,negative
869,N,N,L,I,D,Z,J,S,T,B,G,C,K,G,K,R,L,negative
870,G,L,V,O,G,H,O,E,A,A,A,U,F,C,Z,T,Y,negative
871,K,N,S,J,B,A,E,Y,G,F,R,C,G,D,K,M,U,negative
872,B,M,H,E,U,R,C,I,K,E,M,H,Y,G,A,L,A,negative
873,B,V,M,O,E,E,Q,A,S,L,Q,W,N,R,J,S,B,negative
874,R,I,T,L,K,J,R,Q,C,I,B,C,S,O,C,K,H,negative
875,T,E,W,R,C,Z,Y,C,P,O,L,N,D,P,N,M,Y,negative
876,P,L,N,F,V,I,E,S,A,Y,N,H,W,K,J,P,O,negative
877,M,U,W,B,J,F,P,Q,Q,B,E,N,V,C,A,A,P,negative
878,T,C,H,D,S,R,H,F,A,T,M,L,I,V,M,X,I,negative
879,R,G,J,K,H,O,P,A,W,N,I,W,Q,R,N,S,A,negative
880,N,V,H,X,H,Y,T,P,F,L,O,E,C,Y,D,L,T,negative
881,F,Q,Q,Y,Z,N,W,U,V,V,K,H,T,W,P,M,H,negative
882,N,Y,D,F,L,A,T,Y,U,A,G,V,H,F,H,B,F,negative
883,F,L,I,F,W,U,O,U,B,L,I,C,P,F,Y,T,S,negative
884,V,M,V,G,C,A,S,K,J,V,W,O,K,F,O,V,L,negative
885,C,F,S,N,O,V,D,V,S,I,U,O,G,M,P,Z,H,negative
886,K,J,O,Q,D,R,N,N,D,K,X,Y,E,K,T,Y,P,negative
887,O,I,R,R,J,P,J,P,R,Q,W,Z,G,R,E,A,Q,negative
888,I,P,C,M,J,W,E,R,V,F,N,V,V,K,Q,B,S,negative
889,J,R,X,J,W,V,G,U,Z,T,V,E,C,V,R,P,U,negative
890,M,E,Y,G,G,K,K,F,C,U,H,T,V,D,O,L,N,negative
891,Y,N,Z,O,M,L,Q,I,D,W,U,Z,B,F,V,N,N,negative
892,A,C,H,X,E,W,X,I,S,O,G,P,W,Q,G,D,A,negative
893,C,A,L,N,X,H,B,I,Z,A,T,P,F,C,I,T,M,negative
894,T,P,U,M,X,Q,T,G,U,T,C,X,H,Q,M,M,I,negative
895,A,E,V,H,V,Z,Z,U,S,O,P,A,K,V,I,O,C,negative
896,W,S,O,Z,J,I,H,L,N,A,S,B,I,H,A,Y,F,negative
897,W,F,E,I,T,H,O,K,Z,T,X,F,X,X,C,K,A,negative
898,Y,M,E,C,F,Z,M,T,Z,R,F,E,K,T,S,H,L,negative
899,Y,L,E,A,Y,B,J,B,X,L,F,Q,T,J,L,I,R,negative
900,S,A,I,Q,M,G,Q,Q,L,A,C,J,G,C,R,W,S,negative
901,Z,S,W,N,Q,Y,W,E,K,X,Z,L,D,N,S,J,L,negative
902,Z,Z,P,I,P,I,M,R,C,M,E,S,D,M,L,U,O,negative
903,V,O,P,I,H,F,L,A,S,K,V,L,S,V,R,F,D,negative
904,V,X,C,N,K,S,F,U,V,K,M,M,K,I,D,Q,D,negative
905,M,U,K,A,Z,A,G,W,W,D,E,N,C,V,D,G,G,negative
906,N,V,V,W,Q,J,R,W,X,P,O,J,G,Q,J,Z,J,negative
907,J,W,K,T,M,J,O,R,I,P,R,V,P,X,T,L,I,negative
908,A,Y,A,N,O,G,X,A,R,Q,K,W,K,W,L,Y,V,negative
909,B,P,C,X,H,J,H,G,L,X,S,R,K,J,V,Y,F,negative
910,C,O,X,S,B,K,I,F,Y,R,M,C,H,R,M,S,Y,negative
911,O,Y,F,F,J,L,L,R,S,D,G,G,W,L,F,C,Z,negative
912,X,P,X,T,R,D,U,H,X,W,Z,D,F,F,Y,B,Z,negative
913,T,S,M,M,M,H,T,P,H,T,I,O,E,Q,R,D,A,negative
914,X,G,J,B,J,O,O,E,Y,A,P,X,W,D,Z,X,R,negative
915,J,N,J,Q,X,W,M,N,Q,H,B,S,U,T,E,P,V,negative
916,A,E,T,J,Z,R,O,L,K,T,Q,G,I,V,I,A,I,negative
917,I,Q,N,T,T,K,S,D,N,O,Q,Z,A,F,Q,P,L,negative
918,H,V,Y,R,J,Q,O,G,E,Z,S,C,K,G,J,R,D,negative
919,X,T,K,N,O,J,N,M,W,S,Z,C,A,W,D,K,R,negative
920,P,V,G,T,W,O,Y,C,Y,H,V,O,K,J,W,J,T,negative
921,F,R,S,R,G,Y,C,H,D,P,E,Q,T,M,V,F,U,negative
922,U,Q,N,S,F,B,H,F,I,G,H,M,Z,T,V,O,M,negative
923,A,H,B,Z,N,U,W,W,Y,L,S,I,V,X,X,R,T,negative
924,V,Z,N,L,G,I,J,V,D,E,Y,T,Q,Z,O,L,O,negative
925,V,H,J,C,A,L,Z,T,X,Y,M,U,Z,M,I,S,E,negative
926,A,U,A,L,R,F,R,Y,T,H,H,O,X,C,X,I,Q,negative
927,O,W,D,P,D,L,Q,N,A,V,J,L,G,Q,V,Z,X,negative
928,G,S,Z,D,R,A,F,M,X,W,K,W,P,Z,I,R,R,negative
929,V,O,P,A,E,O,D,L,U,U,T,X,X,E,S,K,H,negative
930,G,T,Z,M,Q,I,Z,P,J,B,J,Y,L,V,D,E,C,negative
931,G,E,N,G,T,O,V,D,Y,Z,F,H,U,J,L,F,D,negative
932,M,P,T,H,L,Y,O,X,W,V,V,B,V,P,T,U,C,negative
933,N,K,K,T,Q,P,L,J,A,X,R,U,Y,W,L,I,D,negative
934,Y,T,O,A,J,O,I,V,E,Q,M,R,B,W,E,G,I,negative
935,T,G,O,N,V,V,C,B,B,Q,L,Z,Z,K,R,E,Y,negative
936,T,X,K,P,A,K,Y,U,R,F,Z,G,X,G,S,Q,N,negative
937,B,V,B,E,E,Z,C,J,N,Z,F,E,W,A,V,G,L,negative
938,E,K,B,Y,X,L,R,J,V,O,I,G,Q,K,F,O,B,negative
939,I,J,U,S,G,Q,P,L,R,J,Q,G,D,J,H,E,D,negative
940,C,G,E,U,R,U,X,K,D,O,B,P,Z,B,M,G,S,negative
941,K,N,E,A,W,X,J,B,H,Q,R,M,Y,L,U,M,O,negative
942,T,K,J,J,K,Z,S,H,K,U,J,O,W,M,K,K,Q,negative
943,B,V,C,P,M,L,O,H,M,O,E,J,H,U,G,J,G,negative
944,I,L,D,A,L,L,P,N,U,S,Q,M,A,H,V,C,P,negative
945,D,K,E,D,M,Y,G,X,J,F,Y,R,S,G,R,H,T,negative
946,D,Z,A,V,I,K,L,E,F,X,N,J,W,C,L,V,Z,negative
947,U,I,B,H,O,Y,T,U,F,N,F,X,X,W,S,Q,A,negative
948,T,S,K,K,G,T,F,D,J,T,J,K,O,I,B,D,P,negative
949,U,A,T,D,Z,L,Q,T,F,B,I,Q,F,D,A,X,I,negative
950,W,R,V,G,B,O,B,O,T,C,C,N,H,Q,D,A,Y,negative
951,F,Z,M,D,Z,J,D,Y,F,Q,F,M,V,Q,G,U,U,negative
952,L,Z,K,T,L,L,Z,M,W,W,T,E,P,F,Z,G,N,negative
953,F,N,C,S,Q,S,L,R,O,T,G,P,B,V,N,U,R,negative
954,W,F,H,H,Y,V,T,L,X,P,K,A,S,U,J,X,K,negative
955,I,P,Y,C,B,H,N,H,P,X,I,Y,D,K,T,L,W,negative
956,T,B,S,D,S,V,F,C,R,V,R,T,D,B,G,W,I,negative
957,T,F,F,I,T,Z,L,S,H,Y,X,P,Q,A,C,N,C,negative
958,R,O,O,R,J,P,P,C,M,E,R,I,L,E,Z,O,D,negative
959,T,H,L,Q,I,T,P,Q,I,F,C,M,K,Q,A,Q,P,negative
960,Y,W,T,O,A,P,T,D,Y,D,R,N,V,X,M,Q,A,negative
961,T,V,R,U,E,I,Y,N,H,F,A,N,T,K,Q,C,M,negative
962,N,W,R,H,G,T,G,G,W,N,K,B,H,S,H,C,Y,negative
963,P,B,C,E,Z,W,D,H,W,Q,C,C,Z,D,O,R,Y,negative
964,S,K,G,L,C,M,A,I,A,S,Q,N,E,R,W,A,F,negative
965,C,Y,T,U,I,Q,V,D,E,Y,N,G,I,E,A,B,S,negative
966,Y,A,Y,M,O,C,N,F,D,S,H,J,L,D,J,U,H,negative
967,O,Y,Q,D,E,J,H,Q,X,W,S,D,Z,K,D,V,Y,negative
968,G,C,P,A,T,J,Q,T,C,A,C,S,Y,Y,H,H,X,negative
969,W,U,R,R,I,R,A,J,G,A,X,A,D,I,N,W,A,negative
970,I,Z,R,R,J,L,V,K,Y,E,E,N,L,A,L,V,B,negative
971,L,L,H,Z,T,C,Q,H,N,D,O,R,E,E,F,X,Z,negative
972,T,L,Y,P,Z,N,O,P,Q,M,B,O,D,F,C,H,Y,negative
973,I,C,E,C,U,A,O,K,D,K,U,D,H,E,O,T,Y,negative
974,V,H,R,K,T,W,B,Z,E,R,I,U,I,D,E,F,R,negative
975,R,C,Z,L,L,L,H,P,D,E,Z,N,O,X,O,A,O,negative
976,L,B,B,H,A,A,F,Q,D,C,A,G,H,L,F,K,G,negative
977,P,O,L,Z,H,R,F,X,W,L,Y,W,X,I,M,I,X,negative
978,I,L,F,M,Q,G,F,E,U,U,M,I,M,U,C,K,Q,negative
979,D,R,E,Y,F,F,Q,C,F,G,I,Y,T,H,A,T,G,negative
980,P,C,L,P,K,G,F,E,Y,G,H,R,R,Q,W,U,H,negative
981,Q,X,Y,B,U,Q,B,Y,W,V,J,J,X,B,K,A,H,negative
982,R,T,J,P,A,H,A,Q,H,O,D,S,Q,S,H,L,T,negative
983,I,Q,T,C,L,O,Q,Y,I,B,Y,V,S,R,B,X,K,negative
984,J,J,Q,M,A,Q,E,A,Y,E,A,T,V,T,N,E,E,negative
985,I,R,G,W,Y,C,Q,I,H,E,N,V,L,N,M,M,U,negative
986,Y,G,L,L,B,Q,V,W,I,Z,W,E,V,X,B,N,D,negative
987,R,J,A,C,G,J,B,W,P,H,P,H,C,J,B,H,U,negative
988,T,A,M,T,E,O,Z,X,C,R,R,U,B,O,R,K,H,negative
989,V,Q,O,A,T,G,N,O,P,T,Y,T,T,D,B,I,Y,negative
990,L,M,W,K,G,N,C,T,P,H,W,L,M,A,B,A,E,negative
991,A,L,R,F,Z,I,R,I,Y,Z,G,K,A,Q,L,M,Q,negative
992,N,I,B,G,Y,G,X,A,L,F,T,Z,C,A,H,E,S,negative
993,V,E,X,X,N,F,L,E,J,V,D,T,M,S,X,V,Z,negative
994,X,L,B,D,Q,M,P,T,S,J,C,G,F,Z,M,J,D,negative
995,A,P,R,C,C,N,J,B,R,G,F,U,J,P,A,F,O,negative
996,K,V,K,J,I,Z,F,J,K,C,Q,V,B,G,R,J,G,negative
997,A,K,T,X,F,C,W,Q,F,C,M,A,L,W,M,S,K,negative
998,T,G,X,T,W,Y,K,J,J,R,L,P,I,F,E,Y,I,negative
999,L,H,J,R,V,K,N,G,V,F,W,A,S,E,R,O,Z,negative
