KT723008|IGHJ1-4*01|Bos taurus_Holstein|F	LFDNWGPGIQNTVSS	WGPGIQNTVSS
NW_001494075|IGHJ1-4*02|Bos taurus_Hereford|F	LFDNWGSGIQNTVSS	WGSGIQNTVSS
KT723008|IGHJ1-6*01|Bos taurus_Holstein|F	YYGIDAWGRGLRVTVSS	WGRGLRVTVSS
KT723008|IGHJ2-4*01|Bos taurus_Holstein|F	YVDAWGQGLLVTVSS	WGQGLLVTVSS
IMGT000001|IGHJ1*01|Canis lupus familiaris_boxer|ORF	DIYFDLWGPGTLVTISS	WGPGTLVTISS
IMGT000001|IGHJ2*01|Canis lupus familiaris_boxer|F	HDYLDLWGQGTLVTVSS	WGQGTLVTVSS
IMGT000001|IGHJ3*01|Canis lupus familiaris_boxer|F	NAFGYWGQGTLVTVSS	WGQGTLVTVSS
IMGT000001|IGHJ4*01|Canis lupus familiaris_boxer|F	NFDYWGQGTLVTVSS	WGQGTLVTVSS
IMGT000001|IGHJ5*01|Canis lupus familiaris_boxer|F	NWFYYWGQGTLVTVSS	WGQGTLVTVSS
IMGT000001|IGHJ6*01|Canis lupus familiaris_boxer|F	YYGMDYWGHGTSLFVSS	WGHGTSLFVSS
BX649502|IGHJ1-1*01|Danio rerio_Tuebingen|F	AFDYWGKGTQVTVA	WGKGTQVTVA
BX649502|IGHJ1-2*01|Danio rerio_Tuebingen|F	SYFDYWGRGTQVTVT	WGRGTQVTVT
BX510335|IGHJ2-1*01|Danio rerio_Tuebingen|F	YYFDYWGKGTKVTVSS	WGKGTKVTVSS
BX510335|IGHJ2-2*01|Danio rerio_Tuebingen|F	GAFDYWGKGTMVTVTS	WGKGTMVTVTS
BX510335|IGHJ2-3*01|Danio rerio_Tuebingen|F	NAAFDYWGKGTMVTVTS	WGKGTMVTVTS
BX510335|IGHJ2-4*01|Danio rerio_Tuebingen|F	NAFDYWGKGTMVTVSS	WGKGTMVTVSS
BX510335|IGHJ2-5*01|Danio rerio_Tuebingen|F	NWAFDYWGSGTKVSVTN	WGSGTKVSVTN
IMGT000040|IGHJ1*01|Equus caballus_thoroughbred|ORF	YAYLQHWGHGTLVTVSS	WGHGTLVTVSS
IMGT000040|IGHJ3*01|Equus caballus_thoroughbred|F	YGYVDHWGQGTLVTVSS	WGQGTLVTVSS
IMGT000040|IGHJ4*01|Equus caballus_thoroughbred|F	YFGYWGQGTLVTVSS	WGQGTLVTVSS
IMGT000040|IGHJ5*01|Equus caballus_thoroughbred|F	NELDYWGQGTLVTVSS	WGQGTLVTVSS
IMGT000040|IGHJ6-1*01|Equus caballus_thoroughbred|F	YYGINYWGQGILVTVSS	WGQGILVTVSS
IMGT000040|IGHJ6-2*01|Equus caballus_thoroughbred|F	YYNAMDPWGQGTLVTVSS	WGQGTLVTVSS
IMGT000040|IGHJ6-3*01|Equus caballus_thoroughbred|F	YYDIDYWGQGTLVTVSS	WGQGTLVTVSS
IMGT000040|IGHJ6-4*01|Equus caballus_thoroughbred|ORF	YYDIDYWGQGTLVTVSS	WGQGTLVTVSS
IMGT000014|IGHJ*01|Gallus gallus_Red Jungle fowl|F	TAGSIDAWGHGTEVIVSS	WGHGTEVIVSS
J00256|IGHJ1*01|Homo sapiens|F	AEYFQHWGQGTLVTVSS	WGQGTLVTVSS
J00256|IGHJ2*01|Homo sapiens|F	YWYFDLWGRGTLVTVSS	WGRGTLVTVSS
J00256|IGHJ3*01|Homo sapiens|F	DAFDVWGQGTMVTVSS	WGQGTMVTVSS
X86355|IGHJ3*02|Homo sapiens|F	DAFDIWGQGTMVTVSS	WGQGTMVTVSS
J00256|IGHJ4*01|Homo sapiens|F	YFDYWGQGTLVTVSS	WGQGTLVTVSS
X86355|IGHJ4*02|Homo sapiens|F	YFDYWGQGTLVTVSS	WGQGTLVTVSS
M25625|IGHJ4*03|Homo sapiens|F	YFDYWGQGTLVTVSS	WGQGTLVTVSS
J00256|IGHJ5*01|Homo sapiens|F	NWFDSWGQGTLVTVSS	WGQGTLVTVSS
X86355|IGHJ5*02|Homo sapiens|F	NWFDPWGQGTLVTVSS	WGQGTLVTVSS
J00256|IGHJ6*01|Homo sapiens|F	YYYYYGMDVWGQGTTVTVSS	WGQGTTVTVSS
X86355|IGHJ6*02|Homo sapiens|F	YYYYYGMDVWGQGTTVTVSS	WGQGTTVTVSS
X86356|IGHJ6*03|Homo sapiens|F	YYYYYYMDVWGKGTTVTVSS	WGKGTTVTVSS
AJ879487|IGHJ6*04|Homo sapiens|F	YYYYYGMDVWGKGTTVTVSS	WGKGTTVTVSS
BK009101|IGHJ1*01|Macaca fascicularis|F	AEYFEFWGQGALVTVSS	WGQGALVTVSS
BK009102|IGHJ2*01|Macaca fascicularis|ORF	YWYFDLWGPGTPITISS	WGPGTPITISS
BK009103|IGHJ3*01|Macaca fascicularis|F	DAFDFWGQGLRVTVSS	WGQGLRVTVSS
BK009104|IGHJ4*01|Macaca fascicularis|F	YFDYWGQGVLVTVSS	WGQGVLVTVSS
BK009105|IGHJ5-1*01|Macaca fascicularis|F	NWFDVWGPGVLVTVSS	WGPGVLVTVSS
BK009106|IGHJ5-2*01|Macaca fascicularis|F	NSLDVWGRGVLVTVSS	WGRGVLVTVSS
BK009108|IGHJ6*01|Macaca fascicularis|F	YYGLDSWGQGVVVTVSS	WGQGVVVTVSS
NW_001121238|IGHJ1*01|Macaca mulatta_17573|F	AEYFEFWGQGALVTVSS	WGQGALVTVSS
IMGT000064|IGHJ1*02|Macaca mulatta_AG07107|F	AEYFEFWGQGALVTVSS	WGQGALVTVSS
IMGT000064|IGHJ2*01|Macaca mulatta_AG07107|F	YWYFDLWGPGTPITISS	WGPGTPITISS
IMGT000064|IGHJ3*01|Macaca mulatta_AG07107|F	DAFDFWGQGLRVTVSS	WGQGLRVTVSS
IMGT000064|IGHJ4*01|Macaca mulatta_AG07107|F	YFDYWGQGVLVTVSS	WGQGVLVTVSS
AY057983|IGHJ5-1*01|Macaca mulatta|F	NRFDVWGPGVLVTVSS	WGPGVLVTVSS
IMGT000064|IGHJ5-1*02|Macaca mulatta_AG07107|F	NWFDVWGPGVLVTVSS	WGPGVLVTVSS
AY057983|IGHJ5-2*01|Macaca mulatta|F	NSLDVWGQGVLVTVSS	WGQGVLVTVSS
IMGT000064|IGHJ5-2*02|Macaca mulatta_AG07107|F	NSLDVWGRGVLVTVSS	WGRGVLVTVSS
IMGT000064|IGHJ6*01|Macaca mulatta_AG07107|F	YYGLDSWGQGVVVTVSS	WGQGVVVTVSS
V00762|IGHJ1*01|Mus musculus_BALB/c|F	YWYFDVWGAGTTVTVSS	WGAGTTVTVSS
V00770|IGHJ1*02|Mus musculus|F	YWYFDVWGAGTTVTVSS	WGAGTTVTVSS
X63164|IGHJ1*03|Mus musculus_A/J|F	YWYFDVWGTGTTVTVSS	WGTGTTVTVSS
V00770|IGHJ2*01|Mus musculus|F	YFDYWGQGTTLTVSS	WGQGTTLTVSS
S73821|IGHJ2*02|Mus musculus|F	YFDYWGQGTSLTVSS	WGQGTSLTVSS
S77041|IGHJ2*03|Mus musculus|F	YFDYWGQGTSLTVSS	WGQGTSLTVSS
V00770|IGHJ3*01|Mus musculus|F	WFAYWGQGTLVTVSA	WGQGTLVTVSA
S73821|IGHJ3*02|Mus musculus|P	WFG*WGQGTLVTVSA	WGQGTLVTVSA
V00770|IGHJ4*01|Mus musculus|F	YYAMDYWGQGTSVTVSS	WGQGTSVTVSS
IMGT000043|IGHJ1*01|Oncorhynchus mykiss_Swanson|F	YYFDYWGKGTQVTITS	WGKGTQVTITS
IMGT000044|IGHJ1D*01|Oncorhynchus mykiss_Swanson|F	YYFDYWGKGTQVTITS	WGKGTQVTITS
IMGT000043|IGHJ1T1*01|Oncorhynchus mykiss_Swanson|F	AFDYWGKGTQVTVST	WGKGTQVTVST
IMGT000044|IGHJ1T1D*01|Oncorhynchus mykiss_Swanson|F	AFDYWGKGTQVTVST	WGKGTQVTVST
IMGT000043|IGHJ1T2*01|Oncorhynchus mykiss_Swanson|F	AFDYWGKGTQVTVSA	WGKGTQVTVSA
IMGT000043|IGHJ2*01|Oncorhynchus mykiss_Swanson|F	NYFDYWGKGTMVTVST	WGKGTMVTVST
IMGT000044|IGHJ2D*01|Oncorhynchus mykiss_Swanson|ORF	NAFDYWGKGTMVTVSS	WGKGTMVTVSS
IMGT000043|IGHJ2T1*01|Oncorhynchus mykiss_Swanson|F	YSYFDYWGKGTMVTVSS	WGKGTMVTVSS
IMGT000044|IGHJ2T1D*01|Oncorhynchus mykiss_Swanson|F	YSYFDYWGKGTMVTVSS	WGKGTMVTVSS
IMGT000043|IGHJ2T2*01|Oncorhynchus mykiss_Swanson|F	YGYFDYWGKGTMITVSS	WGKGTMITVSS
AY872256|IGHJ2T2*02|Oncorhynchus mykiss|F	YGYFDYWGKGTLITVSS	WGKGTLITVSS
IMGT000043|IGHJ3*01|Oncorhynchus mykiss_Swanson|F	NAFDYWGKGTMVTVSS	WGKGTMVTVSS
IMGT000044|IGHJ3D*01|Oncorhynchus mykiss_Swanson|F	YYFDYWGKGTQVTITS	WGKGTQVTITS
IMGT000043|IGHJ4*01|Oncorhynchus mykiss_Swanson|F	YRFDYWGKGTMVTVSS	WGKGTMVTVSS
IMGT000044|IGHJ4D*01|Oncorhynchus mykiss_Swanson|F	NYFDYWGKGTMVTVST	WGKGTMVTVST
IMGT000043|IGHJ5*01|Oncorhynchus mykiss_Swanson|F	YAAFDYWGQGTIVTVS	WGQGTIVTVS
AY872256|IGHJ5*02|Oncorhynchus mykiss|F	YAAFDSWGQGTIVTVS	WGQGTIVTVS
IMGT000044|IGHJ5D*01|Oncorhynchus mykiss_Swanson|F	NAFDYWGKGTMVTVSS	WGKGTMVTVSS
IMGT000043|IGHJ6*01|Oncorhynchus mykiss_Swanson|ORF	NAFDYWGKGTMVTVSS	WGKGTMVTVSS
IMGT000044|IGHJ6D*01|Oncorhynchus mykiss_Swanson|F	YGFDYWGKGTMVTVSS	WGKGTMVTVSS
IMGT000044|IGHJ7D*01|Oncorhynchus mykiss_Swanson|F	YAAFDYWGQGTIVTVS	WGQGTIVTVS
NW_001794226|IGHJ1*01|Ornithorhynchus anatinus_Glennie|F	YYYLEHWGQGTMVTVSS	WGQGTMVTVSS
NW_001794226|IGHJ10*01|Ornithorhynchus anatinus_Glennie|F	NRLEHWGQGTMVTVSS	WGQGTMVTVSS
NW_001794226|IGHJ11*01|Ornithorhynchus anatinus_Glennie|F	YGMDAWGQGTMVTVSS	WGQGTMVTVSS
NW_001794226|IGHJ2*01|Ornithorhynchus anatinus_Glennie|ORF	YWGQGTMVTVSS	WGQGTMVTVSS
NW_001794226|IGHJ3*01|Ornithorhynchus anatinus_Glennie|F	YNGFKNWGQGTMVTVSS	WGQGTMVTVSS
NW_001794226|IGHJ4*01|Ornithorhynchus anatinus_Glennie|F	CYAFDNWGQGTMVTVSS	WGQGTMVTVSS
NW_001794226|IGHJ5*01|Ornithorhynchus anatinus_Glennie|F	YCALENWGQGTMVTVSS	WGQGTMVTVSS
NW_001794226|IGHJ6*01|Ornithorhynchus anatinus_Glennie|F	YGILENWGQGTMVTVSS	WGQGTMVTVSS
NW_001794226|IGHJ7*01|Ornithorhynchus anatinus_Glennie|F	YGYLNHWGQGTMVTISS	WGQGTMVTISS
NW_001794226|IGHJ8*01|Ornithorhynchus anatinus_Glennie|F	NAFGYWGQGTMVTVSS	WGQGTMVTVSS
NW_001794226|IGHJ9*01|Ornithorhynchus anatinus_Glennie|F	YFANWGQGTFVTVSS	WGQGTFVTVSS
AY386695|IGHJ1*01|Oryctolagus cuniculus|F	YWYLDPWGTGTLVTISS	WGTGTLVTISS
M24223|IGHJ2*01|Oryctolagus cuniculus|F	DAFDPWGPGTLVTVSS	WGPGTLVTVSS
AY386695|IGHJ2*02|Oryctolagus cuniculus|F	DAFDPWGPGTLVTVSS	WGPGTLVTVSS
M24223|IGHJ3*01|Oryctolagus cuniculus|F	DTRLDLWGQGTLVTVSS	WGQGTLVTVSS
AY386695|IGHJ3*02|Oryctolagus cuniculus|F	DRLDPWGQGTLVTVSS	WGQGTLVTVSS
M24223|IGHJ4*01|Oryctolagus cuniculus|F	YFNLWGPGTLVTVSS	WGPGTLVTVSS
AY386695|IGHJ4*02|Oryctolagus cuniculus|F	YFNIWGPGTLVTVSS	WGPGTLVTVSS
M24223|IGHJ5*01|Oryctolagus cuniculus|F	DWLDLWGQGTLVTVSS	WGQGTLVTVSS
AY386695|IGHJ5*02|Oryctolagus cuniculus|F	DWLDLWGQGTLVTVSS	WGQGTLVTVSS
S78752|IGHJ6*01|Oryctolagus cuniculus|F	YYGMDLWGPGTLVTVSS	WGPGTLVTVSS
AY386695|IGHJ6*02|Oryctolagus cuniculus|F	YYGMDPWGPGTLVTVSS	WGPGTLVTVSS
RatNor_6_chr6|IGHJ1*01|Rattus norvegicus_BN; Sprague-Dawley|F	YYWYFDFWGPGTMVTVSS	WGPGTMVTVSS
RatNor_6_chr6|IGHJ2*01|Rattus norvegicus_BN; Sprague-Dawley|F	DYFDYWGQGVMVTVSS	WGQGVMVTVSS
RatNor_6_chr6|IGHJ3*01|Rattus norvegicus_BN; Sprague-Dawley|F	NWFAYWGQGTLVTVSS	WGQGTLVTVSS
RatNor_6_chr6|IGHJ4*01|Rattus norvegicus_BN; Sprague-Dawley|F	YYVMDAWGQGASVTVSS	WGQGASVTVSS
GU129139|IGHJ1*01|Salmo salar|F	YYFDYWGKGTQVTITS	WGKGTQVTITS
GU129140|IGHJ1D*01|Salmo salar|F	YYFDYWGKGTQVTITS	WGKGTQVTITS
GU129139|IGHJ1T2*01|Salmo salar|F	AFDYWGKGTQVTVST	WGKGTQVTVST
GU129140|IGHJ1T2D*01|Salmo salar|F	AFDYWGKGTQVTVST	WGKGTQVTVST
GU129139|IGHJ1T3*01|Salmo salar|F	AFDYWGKGTQVTIST	WGKGTQVTIST
GU129139|IGHJ1T4*01|Salmo salar|F	AFDYWGKGTQVTVST	WGKGTQVTVST
GU129139|IGHJ1T5*01|Salmo salar|P	TSSNLPWGKGTQVTVST	WGKGTQVTVST
GU129139|IGHJ2*01|Salmo salar|ORF	NYFDYWGKGTMVTVST	WGKGTMVTVST
GU129140|IGHJ2D*01|Salmo salar|F	NYFDYWGKGTMVTVST	WGKGTMVTVST
GU129139|IGHJ2T2*01|Salmo salar|F	YGYFDYWGKGTLVTVSS	WGKGTLVTVSS
GU129140|IGHJ2T2D*01|Salmo salar|F	YGYFDYWGKGTMITVSS	WGKGTMITVSS
GU129139|IGHJ2T3*01|Salmo salar|F	YGYFDYWGKGTMITVSS	WGKGTMITVSS
GU129139|IGHJ2T4*01|Salmo salar|F	YGYFDYWGKGTLVTVSS	WGKGTLVTVSS
GU129139|IGHJ2T5*01|Salmo salar|F	YSYFDYWGKGTMVTVSS	WGKGTMVTVSS
GU129139|IGHJ3*01|Salmo salar|F	NAFDHWGKGTMVTVSS	WGKGTMVTVSS
GU129140|IGHJ3D*01|Salmo salar|F	HAFDYWGKGTMVTVSS	WGKGTMVTVSS
GU129139|IGHJ4*01|Salmo salar|F	YGFDYWGKGTMVTVSS	WGKGTMVTVSS
GU129140|IGHJ4D*01|Salmo salar|F	YGFDYWGKGTMVTVSS	WGKGTMVTVSS
GU129139|IGHJ5*01|Salmo salar|F	YAAFDYWGQGTIVTVSL	WGQGTIVTVSL
Y12391|IGHJ5*02|Salmo salar|ORF	DAAFDYWGQGTIVTVSL	WGQGTIVTVSL
GU129140|IGHJ5D*01|Salmo salar|F	YAAFDYWGQGTIVTVSL	WGQGTIVTVSL
Y12392|IGHJ5D*02|Salmo salar|ORF	DAAFDYWGQGTIVTVSL	WGQGTIVTVSL
AB513625|IGHJ1*01|Sus scrofa|F	HGYLDSWGQGILVTVSS	WGQGILVTVSS
AB513625|IGHJ2*01|Sus scrofa|F	PWKLDHWGRGVLVTVSS	WGRGVLVTVSS
AB513625|IGHJ3*01|Sus scrofa|F	HLHSWGRGVEVTVSS	WGRGVEVTVSS
AB513625|IGHJ4*01|Sus scrofa|F	NGLESWGQGTLVYDAS	WGQGTLVYDAS
AB513625|IGHJ5*01|Sus scrofa|F	YYAMDLWGPGVEVVVSS	WGPGVEVVVSS
AJ554305|IGHJ5*02|Sus scrofa|ORF	LLCWGPGVEVVVSS	WGPGVEVVVSS
AM773729|IGHJ2*01|Vicugna pacos|F	YRYLEVWGQGTLVTVSS	WGQGTLVTVSS
AM773729|IGHJ3*01|Vicugna pacos|F	NALDAWGQGTLVTVSS	WGQGTLVTVSS
AM773729|IGHJ4*01|Vicugna pacos|F	EYDYWGQGTQVTVSS	WGQGTQVTVSS
AM773729|IGHJ5*01|Vicugna pacos|F	PQFEYWGQGTLVTVS	WGQGTLVTVS
AM773729|IGHJ6*01|Vicugna pacos|F	DFGSWGQGTQVTVSS	WGQGTQVTVSS
AM773729|IGHJ7*01|Vicugna pacos|F	YYGMDYWGKGTLVTVSS	WGKGTLVTVSS
