ID,FR1,CDR1,FR2,CDR2,FR3,CDR3,FR4,Full,Residues
PD-L1-LUN-10,EVQLVESGGGSVQAGGSLRLSCAAS,ESTFSGSC,MAWFRQAPGKEREGVAA,IKDIGIT,TYADSVKGRFTISRDNTKNTLYLRMNNLKPEDTGMYYC,AAVSRPWVPCNITPRPLRLENYY,WGQGTQVTVSE,EVQLVESGGGSVQAGGSLRLSCAASESTFSGSCMAWFRQAPGKEREGVAAIKDIGITTYADSVKGRFTISRDNTKNTLYLRMNNLKPEDTGMYYCAAVSRPWVPCNITPRPLRLENYYWGQGTQVTVSE,129
PD-L1-LUN-11,EVQLVESGGGSVQAGGSLGLSCTAS,GYTLMPKC,FAWFRQDPGKEREGVAI,INSDGST,KYADFVKGRFTISQDYAENTLYLQMNSLKPEDTAVYSC,AARIGNCYFNTLPKSNWYSY,WGQGTQVTVSS,EVQLVESGGGSVQAGGSLGLSCTASGYTLMPKCFAWFRQDPGKEREGVAIINSDGSTKYADFVKGRFTISQDYAENTLYLQMNSLKPEDTAVYSCAARIGNCYFNTLPKSNWYSYWGQGTQVTVSS,126
PD-L1-LUN-12,AVQLVDSGGGSVQAGGSLKLSCAAS,GYIVSSCK,MAWYRQAPGKERELVST,ISYDGTT,TYADSVKGRFTISRDNSKNTLYLQMNSLITEDTAEYLC,AAAILVRGPLRSCVDYFAS,WGQGTQVTVSS,AVQLVDSGGGSVQAGGSLKLSCAASGYIVSSCKMAWYRQAPGKERELVSTISYDGTTTYADSVKGRFTISRDNSKNTLYLQMNSLITEDTAEYLCAAAILVRGPLRSCVDYFASWGQGTQVTVSS,125
PD-L1-LUN-13,EVQLVESGGGSVQAGGSLKLSCAAS,GYIVSSCK,MAWYRQAPGKERELVST,ISYDGTT,TYADSVKGRFTISRDNAKNTLYLQMNSLITEDTAEYLC,AAAILVRGPLRSCVDYFAS,WGQGTQVTVSS,EVQLVESGGGSVQAGGSLKLSCAASGYIVSSCKMAWYRQAPGKERELVSTISYDGTTTYADSVKGRFTISRDNAKNTLYLQMNSLITEDTAEYLCAAAILVRGPLRSCVDYFASWGQGTQVTVSS,125
PD-L1-LUN-14,EVQLVESGGGSVQTGGSLRLSCTAS,GYTLVPKC,IAWFRQVPGKEREGVAI,INSDGST,KYADFVKGRFTISQDYAENTLYLQMNSLKPEDTAVYSC,AARIGNCYFNTLPKSNWYSY,WGQGTQVTVSS,EVQLVESGGGSVQTGGSLRLSCTASGYTLVPKCIAWFRQVPGKEREGVAIINSDGSTKYADFVKGRFTISQDYAENTLYLQMNSLKPEDTAVYSCAARIGNCYFNTLPKSNWYSYWGQGTQVTVSS,126
PD-L1-LUN-15,QVKLEESGGGSVQAGGSLRLSCTAS,GHTLVTMC,IAWFRQVPGKEREGVAI,INSDGST,KYAESVKGRFTISQDYAENTLYLQMNSLKPEDTAVYSC,AARTGNCYFNTPPKSNWYSY,WGQGTQVTVSS,QVKLEESGGGSVQAGGSLRLSCTASGHTLVTMCIAWFRQVPGKEREGVAIINSDGSTKYAESVKGRFTISQDYAENTLYLQMNSLKPEDTAVYSCAARTGNCYFNTPPKSNWYSYWGQGTQVTVSS,126
PD-L1-LUN-16,EVQLVESGGGSVQAGGSLRLSCTAS,GYTLVPKC,IAWFRQVPGKEREGVAI,INSDGST,KYADFVKGRFTISQDYAENTLYLQMNSLKPEDTAVYSC,AARIGNCYFNTLPKSNWYSY,WGQGTQVTVSS,EVQLVESGGGSVQAGGSLRLSCTASGYTLVPKCIAWFRQVPGKEREGVAIINSDGSTKYADFVKGRFTISQDYAENTLYLQMNSLKPEDTAVYSCAARIGNCYFNTLPKSNWYSYWGQGTQVTVSS,126
PD-L1-LUN-18,EVQLVESGGGSVQAGGSLRLSCAAS,ESTFSGSC,MAWFRQAPGKEREGVAA,IKDIGIT,TYADSVKGRFTISRDNTKNTLYLRMNNLKPEDTGMYYC,AAVSRPWVPCNITPRPLRLENYY,WGQGTQVTVSS,EVQLVESGGGSVQAGGSLRLSCAASESTFSGSCMAWFRQAPGKEREGVAAIKDIGITTYADSVKGRFTISRDNTKNTLYLRMNNLKPEDTGMYYCAAVSRPWVPCNITPRPLRLENYYWGQGTQVTVSS,129
PD-L1-LUN-19,EVQLVESGGGSVQVGGSLNLSCPVS,GYTRGHYL,MAWFRQVAGKEREGVAG,IDSENSA,VYAGSVKGRFTISLDNAKNTLYLRMTSLKPEDTGMYYC,AADRGLLFRPLYSDTYKN,WGQGTQVTVSS,EVQLVESGGGSVQVGGSLNLSCPVSGYTRGHYLMAWFRQVAGKEREGVAGIDSENSAVYAGSVKGRFTISLDNAKNTLYLRMTSLKPEDTGMYYCAADRGLLFRPLYSDTYKNWGQGTQVTVSS,124
PD-L1-LUN-2,EVQLVESGGGSVQAGGSLRISCTAP,GFTSNSCG,IHWYRQTTARYREWVSS,ISPTGTT,TYADSVKGRFTISKDSAKDTVYLQMNSLKPEDTALYSC,KTFKTPFGGDCWSD,WGQGTQVTVSS,EVQLVESGGGSVQAGGSLRISCTAPGFTSNSCGIHWYRQTTARYREWVSSISPTGTTTYADSVKGRFTISKDSAKDTVYLQMNSLKPEDTALYSCKTFKTPFGGDCWSDWGQGTQVTVSS,120
PD-L1-LUN-20,AVQLVDSGGGSVQAGGSLRLSCTAP,GFTSNACG,MKWYRQAEGKQREWVSS,ISTDGST,SYADSVKGRFTISKDKAKDTVYLQMNSLKPEDTAMYSC,KITSAYYSGSDCMNY,RGQGTQVTVSS,AVQLVDSGGGSVQAGGSLRLSCTAPGFTSNACGMKWYRQAEGKQREWVSSISTDGSTSYADSVKGRFTISKDKAKDTVYLQMNSLKPEDTAMYSCKITSAYYSGSDCMNYRGQGTQVTVSS,121
PD-L1-LUN-21,EVQLVESGGGSVQAGGSLRLSCTAP,GFTSNACG,MKWYRQAEGKQREWVSS,ISTDGST,SYADSVKGRFTISKDKAKDTVYLQMNSLKPEDTAMYSC,KITSAYYSGSDCMNY,RGQGTQVTVSS,EVQLVESGGGSVQAGGSLRLSCTAPGFTSNACGMKWYRQAEGKQREWVSSISTDGSTSYADSVKGRFTISKDKAKDTVYLQMNSLKPEDTAMYSCKITSAYYSGSDCMNYRGQGTQVTVSS,121
PD-L1-LUN-22,EVQLVESGGGSVQAGGSLRLSCTAP,GFTSNSCG,IHWYRQATGTYREWVSS,ITPTGTT,TYADSVKGRFTISKDSAKDTVYLQMNSLKPEDTALYSC,KTFKTPFGGDCWRD,WGQGTQVTVSS,EVQLVESGGGSVQAGGSLRLSCTAPGFTSNSCGIHWYRQATGTYREWVSSITPTGTTTYADSVKGRFTISKDSAKDTVYLQMNSLKPEDTALYSCKTFKTPFGGDCWRDWGQGTQVTVSS,120
PD-L1-LUN-23,EVQLVESGGGSVQAGGSLRLSCTAP,GFTSNTCG,IHWYRQATGRYREWVSS,ITPTGTT,TYADSVKGRFTISKDSAKDTVYLQMNSLKPEDTALYSC,KTFRTPFSGDCRSD,WGQGTQVTVSS,EVQLVESGGGSVQAGGSLRLSCTAPGFTSNTCGIHWYRQATGRYREWVSSITPTGTTTYADSVKGRFTISKDSAKDTVYLQMNSLKPEDTALYSCKTFRTPFSGDCRSDWGQGTQVTVSS,120
PD-L1-LUN-24,EVQLVESGGGLVQPGGSLRLACAAS,GFTFNNKW,MHWVRQAPGKGLEWVSS,IYTGDGDT,NSADSVKGRFTISRDNTKSMVYLQMNSLKSADTARYYC,VKFNYPYGGDWASAGPAGSYDGD,WGQGTQVTVSS,EVQLVESGGGLVQPGGSLRLACAASGFTFNNKWMHWVRQAPGKGLEWVSSIYTGDGDTNSADSVKGRFTISRDNTKSMVYLQMNSLKSADTARYYCVKFNYPYGGDWASAGPAGSYDGDWGQGTQVTVSS,130
PD-L1-LUN-25,EVQLVESGGGSVQAGGSLRLSCTAS,GYTLVPKC,IAWFRQVPGKEREGVAI,INSDGST,KYADFVKGRFTISQDYAENTLYLQMNSLKPEDTAVYSC,AARIGNCYFNTLPKSNWYSY,WGQGTQVTVSS,EVQLVESGGGSVQAGGSLRLSCTASGYTLVPKCIAWFRQVPGKEREGVAIINSDGSTKYADFVKGRFTISQDYAENTLYLQMNSLKPEDTAVYSCAARIGNCYFNTLPKSNWYSYWGQGTQVTVSS,126
PD-L1-LUN-26,EVQLVESGGGSVQAGGSLRLSCAAS,ESTFSGSC,MAWFRQAPGKEREGVAA,IKDIGIT,TYADSVKARFTISRDNTKNTLYLQMNNLKPEDTGMYYC,AAVSRPWVPCNITPRPLRPRLENYY,WGQGTQVTVSS,EVQLVESGGGSVQAGGSLRLSCAASESTFSGSCMAWFRQAPGKEREGVAAIKDIGITTYADSVKARFTISRDNTKNTLYLQMNNLKPEDTGMYYCAAVSRPWVPCNITPRPLRPRLENYYWGQGTQVTVSS,131
PD-L1-LUN-27,EVQLVESGGGSVQAGGSLRLSCTFS,GFTFGRYV,MGWFRQAPGKEREGVAA,IYSSGGIP,YYADSVKGRFTISQDNNQNTVYLQMNSLKPEDTAMYYC,ARGNSLHTCGRALYGCNY,WGQGTQVTVSS,EVQLVESGGGSVQAGGSLRLSCTFSGFTFGRYVMGWFRQAPGKEREGVAAIYSSGGIPYYADSVKGRFTISQDNNQNTVYLQMNSLKPEDTAMYYCARGNSLHTCGRALYGCNYWGQGTQVTVSS,125
PD-L1-LUN-28,EVQLVESGGGSVQAGGSLRISCTAP,GFTSNSCG,IHWYRQTTARYREWVSS,ISPTGTT,TYADSVKGRFTISKDSAKDTVYLQMNSLKPEDTALYSC,KTFKTPIGGDCRSD,WGQGTQVTVSS,EVQLVESGGGSVQAGGSLRISCTAPGFTSNSCGIHWYRQTTARYREWVSSISPTGTTTYADSVKGRFTISKDSAKDTVYLQMNSLKPEDTALYSCKTFKTPIGGDCRSDWGQGTQVTVSS,120
PD-L1-LUN-29,EVQLVESGGGSVQAGGSLGLSCTAS,GYTLMPKC,FAWFRQDPGKEREGVAI,INSDGST,KYADFVKGRFTISQDYAENTLYLQMNSLKPEDTAVYSC,AARIGNCYFNTLPKSNWYSY,WGQGTQVTVSS,EVQLVESGGGSVQAGGSLGLSCTASGYTLMPKCFAWFRQDPGKEREGVAIINSDGSTKYADFVKGRFTISQDYAENTLYLQMNSLKPEDTAVYSCAARIGNCYFNTLPKSNWYSYWGQGTQVTVSS,126
PD-L1-LUN-3,EVQLVESGGGSVQAGGSLNLSCPVS,GYTRGHYL,MAWFRQVAGKEREGVAG,IDSENSA,VYAGSVKGRFTISLDNAKNTLYLRMTSLKPEDTGMYYC,AADRGLLFRPLYSDTYKN,WGQGTQVTVSS,EVQLVESGGGSVQAGGSLNLSCPVSGYTRGHYLMAWFRQVAGKEREGVAGIDSENSAVYAGSVKGRFTISLDNAKNTLYLRMTSLKPEDTGMYYCAADRGLLFRPLYSDTYKNWGQGTQVTVSS,124
PD-L1-LUN-31,EVQLVESGGGSVQAGGPLRLSCIGS,GFMADEPP,MGWYRQAPGNLCELVTS,ISSDGST,YYADSVKGRFTASRDSAKNTVHLQMDRLLPQDTAVYYC,AASRGTRLFRRVYGCSRFTPYY,WGQGTQVTVSS,EVQLVESGGGSVQAGGPLRLSCIGSGFMADEPPMGWYRQAPGNLCELVTSISSDGSTYYADSVKGRFTASRDSAKNTVHLQMDRLLPQDTAVYYCAASRGTRLFRRVYGCSRFTPYYWGQGTQVTVSS,128
PD-L1-LUN-32,EVQLVESGGGSVQAGGSLRLSCAAS,GYTYSSNC,MGWFRQAPGKEREWVAR,IYPYSGRT,WEAESVKGRFTISQDNAKTTVYLQMTSLKPEDTATYYC,ALKDGFCVSYWRAADFAY,WGQGTQVTVSA,EVQLVESGGGSVQAGGSLRLSCAASGYTYSSNCMGWFRQAPGKEREWVARIYPYSGRTWEAESVKGRFTISQDNAKTTVYLQMTSLKPEDTATYYCALKDGFCVSYWRAADFAYWGQGTQVTVSA,125
PD-L1-LUN-33,EVQLVESGGGSVQAGGSLGLSCTAS,GYTLMPKC,FAWFRQDPGKEREGVAI,INSDGST,KYADFVKGRFTISQDYAENTLYLQMNSLKPEDTAVYSC,AARIGNCYFNTLPKSNWYSY,WGQGTQVTVSS,EVQLVESGGGSVQAGGSLGLSCTASGYTLMPKCFAWFRQDPGKEREGVAIINSDGSTKYADFVKGRFTISQDYAENTLYLQMNSLKPEDTAVYSCAARIGNCYFNTLPKSNWYSYWGQGTQVTVSS,126
PD-L1-LUN-34,AVQLVDSGGGSVQAGGSLRLSCAAS,GYSDRC,MAWFRQAPGKEREGVAI,IAGSGFA,TYADSVKGRFTISRDNANNTLYLQMNSLKPEDTAMYYC,AARVQFICSLASSLYNY,WGQGTQVTVSS,AVQLVDSGGGSVQAGGSLRLSCAASGYSDRCMAWFRQAPGKEREGVAIIAGSGFATYADSVKGRFTISRDNANNTLYLQMNSLKPEDTAMYYCAARVQFICSLASSLYNYWGQGTQVTVSS,121
PD-L1-LUN-35,EVQLVESGGGSVQAGGSLRLSCTAS,GYTLVPKC,IAWFRQVPGKEREGVAI,INSDGST,KYADFVKGRFTISQDYAENTLYLQMNSLKPDDTAVYSC,AARIGNCYFNTLPKSNWYSY,WGQGTQVTVSS,EVQLVESGGGSVQAGGSLRLSCTASGYTLVPKCIAWFRQVPGKEREGVAIINSDGSTKYADFVKGRFTISQDYAENTLYLQMNSLKPDDTAVYSCAARIGNCYFNTLPKSNWYSYWGQGTQVTVSS,126
PD-L1-LUN-36,EVQLVESGGGSVQTGGSLRLSCAAS,GNTYSTYC,MGWFRQAPGKEREGVAA,IFTLGGNT,YYADFVKGRFTISQDNAKNTLYLQMNSLKPEDTAMYYC,AASVRLSPCLVGFGPNNY,WGQGTQVTVSS,EVQLVESGGGSVQTGGSLRLSCAASGNTYSTYCMGWFRQAPGKEREGVAAIFTLGGNTYYADFVKGRFTISQDNAKNTLYLQMNSLKPEDTAMYYCAASVRLSPCLVGFGPNNYWGQGTQVTVSS,125
PD-L1-LUN-37,EVQLVESGGGSVQAGGSLRLSCTAS,GVTISGIC,MGWFRQAPGKEREGVAR,MLAGGHSL,SYADSVKGRFTISRDIAKNTLFLQMNSLNADDTAMYYC,AALSVGSCYTSPDFRY,WGQGTQVTVSS,EVQLVESGGGSVQAGGSLRLSCTASGVTISGICMGWFRQAPGKEREGVARMLAGGHSLSYADSVKGRFTISRDIAKNTLFLQMNSLNADDTAMYYCAALSVGSCYTSPDFRYWGQGTQVTVSS,123
PD-L1-LUN-38,EVQLVESGGGSVQTGGSLKLSCAVS,GYTSGNYC,MGWFRQAPGKEREGVAI,ISSGGRTT,YYTTSVKGRFTISQERASNTLYLQMNSLKPEDTAMYYC,AARIGGCRGFRLFDYNY,WGQGTQVTVSS,EVQLVESGGGSVQTGGSLKLSCAVSGYTSGNYCMGWFRQAPGKEREGVAIISSGGRTTYYTTSVKGRFTISQERASNTLYLQMNSLKPEDTAMYYCAARIGGCRGFRLFDYNYWGQGTQVTVSS,124
PD-L1-LUN-4,EVQLVESGGGSVQAGGSLRLSCVAS,GHTSSRYS,MGWFRQAPGKERERVAA,IASTGTT,VYADSVKGRFTISRDNAKNTLYLQMNSLKPEDTAMYYC,AADVLFAPVLKNTPRY,WGQGTQVTVSS,EVQLVESGGGSVQAGGSLRLSCVASGHTSSRYSMGWFRQAPGKERERVAAIASTGTTVYADSVKGRFTISRDNAKNTLYLQMNSLKPEDTAMYYCAADVLFAPVLKNTPRYWGQGTQVTVSS,122
PD-L1-LUN-40,EVQLVESGGGSVQAGGSLRLSCAAS,GDTSVSYC,LGWFRQAPGKEREGVAG,IYTLGGST,AYADSVKDRFTISQDNAKGTLYLQMNSLKPEDTAMYYC,AAQAIGKCGRSGLRTSLVPDDYWY,WGQGTQVTVSS,EVQLVESGGGSVQAGGSLRLSCAASGDTSVSYCLGWFRQAPGKEREGVAGIYTLGGSTAYADSVKDRFTISQDNAKGTLYLQMNSLKPEDTAMYYCAAQAIGKCGRSGLRTSLVPDDYWYWGQGTQVTVSS,131
PD-L1-LUN-41,EVQLVESGGGSVQAGGSLRLSCAGS,GDTSISYC,LGWFRRAPGKEREGVAS,IYTLGGGT,AYADSIKGRFTISQDNAKGTLYLQMNSLKPEDTAMYYC,AAQAIGKCGRSGLRTSLIPDDYWY,WGQGTQVTVSS,EVQLVESGGGSVQAGGSLRLSCAGSGDTSISYCLGWFRRAPGKEREGVASIYTLGGGTAYADSIKGRFTISQDNAKGTLYLQMNSLKPEDTAMYYCAAQAIGKCGRSGLRTSLIPDDYWYWGQGTQVTVSS,131
PD-L1-LUN-43,EVQLVESGGGSVQAGGSLRLSCTAS,GYTLMPKC,FAWFRQVPGKEREGVAI,INSDGST,KYADFVKGRFTISQDYAENTLYLQMNSLKPEDTAVYSC,AARIGNCYFNTLPKSNWYSY,WGQGTQVTVSS,EVQLVESGGGSVQAGGSLRLSCTASGYTLMPKCFAWFRQVPGKEREGVAIINSDGSTKYADFVKGRFTISQDYAENTLYLQMNSLKPEDTAVYSCAARIGNCYFNTLPKSNWYSYWGQGTQVTVSS,126
PD-L1-LUN-44,EVQLVESGGGSVQAGGSLRLSCVAS,GHTSSRYS,MGWFRQAPGKERERVAA,IASTGTT,VYADSVKGRFTISRDNAKNTLYLQMNSLKPEDTAMYYC,AADVLFAPVLKNTPRY,WGQGTQVTVSS,EVQLVESGGGSVQAGGSLRLSCVASGHTSSRYSMGWFRQAPGKERERVAAIASTGTTVYADSVKGRFTISRDNAKNTLYLQMNSLKPEDTAMYYCAADVLFAPVLKNTPRYWGQGTQVTVSS,122
PD-L1-LUN-45,EVQLVESGGGSVQAGGSLRLSCTAS,GYTLVPKC,IAWFRQVPGKEREGVAI,INSDGST,KYADFVKGRFTISQDYAENTLYLQMNSLKPEDTAVYSC,AARIGNCYFNTLPKSNWYSY,WGQGTQVTVSS,EVQLVESGGGSVQAGGSLRLSCTASGYTLVPKCIAWFRQVPGKEREGVAIINSDGSTKYADFVKGRFTISQDYAENTLYLQMNSLKPEDTAVYSCAARIGNCYFNTLPKSNWYSYWGQGTQVTVSS,126
PD-L1-LUN-46,EVQLVESGGGSVQAGGSLRLSCTAS,GYTLVPKC,IAWFRQVPGKEREGVAI,INSDGST,KYADFVKGRFTISQDYAENTLYLQMNSLKPEDTAVYSC,AARIGNCYFNTLPKSNWYSY,WGQGTQVTVSS,EVQLVESGGGSVQAGGSLRLSCTASGYTLVPKCIAWFRQVPGKEREGVAIINSDGSTKYADFVKGRFTISQDYAENTLYLQMNSLKPEDTAVYSCAARIGNCYFNTLPKSNWYSYWGQGTQVTVSS,126
PD-L1-LUN-47,EVQLVESGGGSVQAGGSLRLSCAAS,GYTYSSNC,MGWFRQAPGKEREGVAA,IYTGGGST,YYADSVKGRFTISQDNAKNTVYLQMNSLKPEDTAMYYC,AAEGVCIATMVWADREYNY,WGQGTQVTVSS,EVQLVESGGGSVQAGGSLRLSCAASGYTYSSNCMGWFRQAPGKEREGVAAIYTGGGSTYYADSVKGRFTISQDNAKNTVYLQMNSLKPEDTAMYYCAAEGVCIATMVWADREYNYWGQGTQVTVSS,126
PD-L1-LUN-48,EVQLVESGGGSVQAGGSLNLSCPVS,GYTRGHYL,MAWFRQVAGKEREGVAG,IDSENSA,VYAGSVKGRFTISLDNAKNTLYLRMTSLKPEDTGMYYC,AADRGLLFRPLYSDTYKN,WGQGTQVTVSS,EVQLVESGGGSVQAGGSLNLSCPVSGYTRGHYLMAWFRQVAGKEREGVAGIDSENSAVYAGSVKGRFTISLDNAKNTLYLRMTSLKPEDTGMYYCAADRGLLFRPLYSDTYKNWGQGTQVTVSS,124
PD-L1-LUN-49,EVQLVESGGGSVQAGGSLRLSCTAS,GYTLMPKC,FAWFRQVPGKEREGVAI,INSDGST,KYADFVKGRFTISQDYAENTLYLQMNSLKPEDTAVYSC,AARIGNCYFNTLPKSNWYSY,WGQGTQVTVSS,EVQLVESGGGSVQAGGSLRLSCTASGYTLMPKCFAWFRQVPGKEREGVAIINSDGSTKYADFVKGRFTISQDYAENTLYLQMNSLKPEDTAVYSCAARIGNCYFNTLPKSNWYSYWGQGTQVTVSS,126
PD-L1-LUN-51,EVQLVESGGGSVQAGGSLRLSCAAS,GDTSYSYC,LGWFRQAPGKEREGVAS,IYTLGGST,AYADSVKGRFTISQDNRKGPLYLQMNSLKPEDTAMYYC,AAQAVGKCGRSGLRTSLVPDDYWY,WGQGTQVTVSS,EVQLVESGGGSVQAGGSLRLSCAASGDTSYSYCLGWFRQAPGKEREGVASIYTLGGSTAYADSVKGRFTISQDNRKGPLYLQMNSLKPEDTAMYYCAAQAVGKCGRSGLRTSLVPDDYWYWGQGTQVTVSS,131
PD-L1-LUN-52,EVQLVESGGGSVQAGGSLRLSCTAS,GYTLVPKC,IAWFRQVPGKEREGVAI,INSDGST,KYADFVKGRFTISQDYAENTLYLQMNSLKPEDTAVYSC,AARIGNCYFNTLPKSNWYSY,WGQGTQVTVSS,EVQLVESGGGSVQAGGSLRLSCTASGYTLVPKCIAWFRQVPGKEREGVAIINSDGSTKYADFVKGRFTISQDYAENTLYLQMNSLKPEDTAVYSCAARIGNCYFNTLPKSNWYSYWGQGTQVTVSS,126
PD-L1-LUN-53,EVQLVESGGGSVQAGGSLRLSCAAS,GYSDRC,MAWFRQAPGKEREGVAI,IARSGFA,TYADSVKGRFTISRDNANNTLYLQMNSLKPEDTAMYYC,AARVQFICGLASSLYNY,WGQGTQVTVSS,EVQLVESGGGSVQAGGSLRLSCAASGYSDRCMAWFRQAPGKEREGVAIIARSGFATYADSVKGRFTISRDNANNTLYLQMNSLKPEDTAMYYCAARVQFICGLASSLYNYWGQGTQVTVSS,121
PD-L1-LUN-54,EVQLVESGGGSVQTGGSLKLSCAVS,GYTSGNYC,MGWFRQAPGKEREGVAI,ISSGGRTT,YYTTSVKGRFTISQERASNTLYLQMNSLKPEDTAMYYC,AARIGGCRGFRLFDYNY,WGQGTQVTVSS,EVQLVESGGGSVQTGGSLKLSCAVSGYTSGNYCMGWFRQAPGKEREGVAIISSGGRTTYYTTSVKGRFTISQERASNTLYLQMNSLKPEDTAMYYCAARIGGCRGFRLFDYNYWGQGTQVTVSS,124
PD-L1-LUN-55,EVQLVESGGGSVQAGGSLGLSCTAS,GYTLMPKC,FAWFRQDPGKEREGVAI,INSDGST,KYADFVKGRFTISQDYAENTLYLQMNSLKPEDTAVYSC,AARIGNCYFNTLPKSNWYSY,WGQGTQVTVSS,EVQLVESGGGSVQAGGSLGLSCTASGYTLMPKCFAWFRQDPGKEREGVAIINSDGSTKYADFVKGRFTISQDYAENTLYLQMNSLKPEDTAVYSCAARIGNCYFNTLPKSNWYSYWGQGTQVTVSS,126
PD-L1-LUN-56,EVQLVESGGGSVQAGGSLNLSCPVS,GYTRGHYL,MAWFRQVAGKEREGVAG,IDSENSA,VYAGSVKGRFTISLDNAKNTLYLRMTSLKPEDTGMYYC,AADRGLLFRPLYSDTYKN,WGQGTQVTVSS,EVQLVESGGGSVQAGGSLNLSCPVSGYTRGHYLMAWFRQVAGKEREGVAGIDSENSAVYAGSVKGRFTISLDNAKNTLYLRMTSLKPEDTGMYYCAADRGLLFRPLYSDTYKNWGQGTQVTVSS,124
PD-L1-LUN-57,EVQLVESGGGSVQAGGSLRLSCAAP,ESTFGRSC,MAWFRQAPGKEREGVAA,IKDIGIT,TYADSVKGRFTISRDNTKNTLYLQMNNLKPEDTGMYYC,AAVSRPWVPCNITPRPLRPRLENYY,WGQGTQVTVSE,EVQLVESGGGSVQAGGSLRLSCAAPESTFGRSCMAWFRQAPGKEREGVAAIKDIGITTYADSVKGRFTISRDNTKNTLYLQMNNLKPEDTGMYYCAAVSRPWVPCNITPRPLRPRLENYYWGQGTQVTVSE,131
PD-L1-LUN-58,EVQLVESGGGSVQAGGSLRLSCTAP,GFTSNSCG,IHWYRQATGRYREWVSS,ITPTGTT,TYADSVKGRFTISKDSAKDTVYLQMNSLKPEDSALYSC,KTFRTPFSGDCWSD,WGQGTQVTVSS,EVQLVESGGGSVQAGGSLRLSCTAPGFTSNSCGIHWYRQATGRYREWVSSITPTGTTTYADSVKGRFTISKDSAKDTVYLQMNSLKPEDSALYSCKTFRTPFSGDCWSDWGQGTQVTVSS,120
PD-L1-LUN-59,EVQLVESGGGSVQAGGSLRLSCAAS,GYTYSSNC,MGWFRQAPGKEREGVAA,IYTGGGST,YYADSVKGRFTISQDNAKNTVYLQMNSLKPEDTAMYYC,AAEGVCIATMVWADREYNY,WGQGTQVTVSS,EVQLVESGGGSVQAGGSLRLSCAASGYTYSSNCMGWFRQAPGKEREGVAAIYTGGGSTYYADSVKGRFTISQDNAKNTVYLQMNSLKPEDTAMYYCAAEGVCIATMVWADREYNYWGQGTQVTVSS,126
PD-L1-LUN-6,EVQLVESGGGSVQAGGSLNLSCPVS,GYTRGHYL,MAWFRQVAGKEREGVAG,IDSENSA,VYAGSVKGRFTISLDNAKNTLYLRMTSLKPEDTGMYYC,AADRGLLFRPLYSDTYKN,WGQGTQVTVSS,EVQLVESGGGSVQAGGSLNLSCPVSGYTRGHYLMAWFRQVAGKEREGVAGIDSENSAVYAGSVKGRFTISLDNAKNTLYLRMTSLKPEDTGMYYCAADRGLLFRPLYSDTYKNWGQGTQVTVSS,124
PD-L1-LUN-60,EVQLVESGGGSVQAGGSLRLSCTAS,GYTLMPKC,FAWFRQVPGKEREGVAI,INSDGST,KYADFVKGRFTTSQDYAENTLYLQMNSLKPEDTAVYSC,AARIGNCYFNTLPKSNWYSY,WGQGTQVTVSS,EVQLVESGGGSVQAGGSLRLSCTASGYTLMPKCFAWFRQVPGKEREGVAIINSDGSTKYADFVKGRFTTSQDYAENTLYLQMNSLKPEDTAVYSCAARIGNCYFNTLPKSNWYSYWGQGTQVTVSS,126
PD-L1-LUN-61,EVQLVESGGGSVQAGGSLRLSCTAS,GYTLMPKC,FAWFRQVPGKEREGVAI,INSDGST,KYADFVKGRFTTSQDYAENTLYLQMNSLKPEDTAVYSC,AARIGNCYFNTLPKSNWYSY,WGQGTQVTVSS,EVQLVESGGGSVQAGGSLRLSCTASGYTLMPKCFAWFRQVPGKEREGVAIINSDGSTKYADFVKGRFTTSQDYAENTLYLQMNSLKPEDTAVYSCAARIGNCYFNTLPKSNWYSYWGQGTQVTVSS,126
PD-L1-LUN-62,QVKLEESGGGSVQAGGSLRLSCTAP,GFTSNACG,MKWYRQAEGKQREWVSS,ISTDGST,SYADSVKGRFTISKDKAKDTVYLQMNSLKPEDTAMYSC,KITSAYYSGSDCMNY,RGQGTQVTVSS,QVKLEESGGGSVQAGGSLRLSCTAPGFTSNACGMKWYRQAEGKQREWVSSISTDGSTSYADSVKGRFTISKDKAKDTVYLQMNSLKPEDTAMYSCKITSAYYSGSDCMNYRGQGTQVTVSS,121
PD-L1-LUN-63,EVQLVESGGGSVQAGGSLRLSCTAP,GFTSNSCG,IHWYRQATGTYREWVSS,ITPTGTT,TYADSVKGRFTISKDSAKDTVYLQMNSLKPEDTALYSC,KTFKTPFGGDCWRD,WGQGTQVTVSS,EVQLVESGGGSVQAGGSLRLSCTAPGFTSNSCGIHWYRQATGTYREWVSSITPTGTTTYADSVKGRFTISKDSAKDTVYLQMNSLKPEDTALYSCKTFKTPFGGDCWRDWGQGTQVTVSS,120
PD-L1-LUN-64,EVQLVESGGGSVQAGGSLKLSCAAS,GSILTWCT,VGWDRQAPGKERESVST,ISRDGTT,IYAASVKGRFTVSRDKSKNTLDLQMNSLKIEDTAVYYC,VARTPVCGQVR,GGQGTQVTVSS,EVQLVESGGGSVQAGGSLKLSCAASGSILTWCTVGWDRQAPGKERESVSTISRDGTTIYAASVKGRFTVSRDKSKNTLDLQMNSLKIEDTAVYYCVARTPVCGQVRGGQGTQVTVSS,117
PD-L1-LUN-65,EVQLVESGGGSVQAGGSLRLSCAAS,GDTISRYY,MGWFRQAPGKEREGVAV,SGRNGYT,TYADSVKGRFTASRDNAKNTLDLQMNSLKPEDTAMYYC,AADRLIRGLSTGYNY,WGQGTQVTVST,EVQLVESGGGSVQAGGSLRLSCAASGDTISRYYMGWFRQAPGKEREGVAVSGRNGYTTYADSVKGRFTASRDNAKNTLDLQMNSLKPEDTAMYYCAADRLIRGLSTGYNYWGQGTQVTVST,121
PD-L1-LUN-66,EVQLVESGGGSVQAGGSLRLSCAAS,GYTYSSNC,MGWFRQAPGKEREGVAA,IYTGGGST,YYADSVKGRFTISQDNAKNTVYLQMNSLKPEDTAMYYC,AAEGVCIATMVWADREYNY,WGQGTQVTVSS,EVQLVESGGGSVQAGGSLRLSCAASGYTYSSNCMGWFRQAPGKEREGVAAIYTGGGSTYYADSVKGRFTISQDNAKNTVYLQMNSLKPEDTAMYYCAAEGVCIATMVWADREYNYWGQGTQVTVSS,126
PD-L1-LUN-67,EVQLVESGGGSVQAGGSLRLSCAAS,ESTFSGSC,MAWFRQAPGKEREGVAA,IKDIGIT,TYADSVKARFTISRDNTKNTLYLQMNNLKPEDTGMYYC,AAVSRPWVPCNITPRPLRPRLENYY,WGQGTQVTVSE,EVQLVESGGGSVQAGGSLRLSCAASESTFSGSCMAWFRQAPGKEREGVAAIKDIGITTYADSVKARFTISRDNTKNTLYLQMNNLKPEDTGMYYCAAVSRPWVPCNITPRPLRPRLENYYWGQGTQVTVSE,131
PD-L1-LUN-68,EVQLVESGGGSVQAGGSLKLSCAAS,GYIVSSCK,MAWYRQAPGKERELVST,ISYDGTT,TYADSVKGRFTISRDNAKNTLYLQMNSLITEDTAEYLC,AAAILVRGPLRSCVDYFAS,WGQGTQVTVSS,EVQLVESGGGSVQAGGSLKLSCAASGYIVSSCKMAWYRQAPGKERELVSTISYDGTTTYADSVKGRFTISRDNAKNTLYLQMNSLITEDTAEYLCAAAILVRGPLRSCVDYFASWGQGTQVTVSS,125
PD-L1-LUN-70,EVQLVESGGGSVQAGGSLRLSCAAS,GYTYSSNC,MGWFRQAPGKEREGVAA,IYTGGGST,YYADSVKGRFTISQDNAKNTVYLQMNSLKPEDTAMYYC,AAEGVCIATMVWADREYNY,WGQGTQVTVSS,EVQLVESGGGSVQAGGSLRLSCAASGYTYSSNCMGWFRQAPGKEREGVAAIYTGGGSTYYADSVKGRFTISQDNAKNTVYLQMNSLKPEDTAMYYCAAEGVCIATMVWADREYNYWGQGTQVTVSS,126
PD-L1-LUN-71,EVQLVESGGGSVRPGGSLRLSCAAS,RSVFSALT,MGWYRQAPGKQRELVAT,ITSGDIT,DYADSVKGRFTISRDNAQKTAYLQMNSLKPEDTAVYYC,NADWSGTSHSY,WGQGTQVTVSS,EVQLVESGGGSVRPGGSLRLSCAASRSVFSALTMGWYRQAPGKQRELVATITSGDITDYADSVKGRFTISRDNAQKTAYLQMNSLKPEDTAVYYCNADWSGTSHSYWGQGTQVTVSS,117
PD-L1-LUN-72,EVQLVESGGGSVQAGGSLRLSCTAS,GYTFVPKC,IAWFRQVPGKEREGVAI,INSDGGT,KYADFVKGRFTISQDYAENTLYLQMNSLKPEDTAVYSC,AARIGNCYFNGPPKSNWYSY,WGQGTQVTVSS,EVQLVESGGGSVQAGGSLRLSCTASGYTFVPKCIAWFRQVPGKEREGVAIINSDGGTKYADFVKGRFTISQDYAENTLYLQMNSLKPEDTAVYSCAARIGNCYFNGPPKSNWYSYWGQGTQVTVSS,126
PD-L1-LUN-73,EVQLVESGGGSVQAGGSLRLSCTAP,GFTSNACG,MKWYRQAEGKQREWVSS,ISTDGST,SYADSVKGRFTISKDKAKDTVYLQMNSLKPEDTAMYSC,KITSAYYSGSDCMNY,RGQGTQVTVSS,EVQLVESGGGSVQAGGSLRLSCTAPGFTSNACGMKWYRQAEGKQREWVSSISTDGSTSYADSVKGRFTISKDKAKDTVYLQMNSLKPEDTAMYSCKITSAYYSGSDCMNYRGQGTQVTVSS,121
PD-L1-LUN-75,EVQLVESGGGSVQAGGSLRISCTAP,GFTSNSCG,IHWYRQTTARYREWVSS,ISPTGTT,TYADSVKGRFTISKDSAKDTVYLQMNSLKPEDTALYSC,KTFKTPFGGDCWSD,WGQGTQVTVSS,EVQLVESGGGSVQAGGSLRISCTAPGFTSNSCGIHWYRQTTARYREWVSSISPTGTTTYADSVKGRFTISKDSAKDTVYLQMNSLKPEDTALYSCKTFKTPFGGDCWSDWGQGTQVTVSS,120
PD-L1-LUN-76,EVQLVESGGGLVQPGGSLRLACAAS,GFTFNNKW,MHWVRQAPGKGLEWVSS,IYTGDGDT,NSADSVKGRFTISRDNTKSMVYLQMNSLKSADTARYYC,VKFNYPYGGDWASAGPAGSYDGD,WGQGTQVTVSS,EVQLVESGGGLVQPGGSLRLACAASGFTFNNKWMHWVRQAPGKGLEWVSSIYTGDGDTNSADSVKGRFTISRDNTKSMVYLQMNSLKSADTARYYCVKFNYPYGGDWASAGPAGSYDGDWGQGTQVTVSS,130
PD-L1-LUN-77,EVQLVESGGGSVQAGGSLRLSCTAP,GFTSNACG,MKWYRQAEGKQREWVSS,ISTDGST,SYADSVKGRFTISKDKAKDTVYLQMNSLKPEDTAMYSC,KITSAYYSGSDCMNY,RGQGTQVTVSS,EVQLVESGGGSVQAGGSLRLSCTAPGFTSNACGMKWYRQAEGKQREWVSSISTDGSTSYADSVKGRFTISKDKAKDTVYLQMNSLKPEDTAMYSCKITSAYYSGSDCMNYRGQGTQVTVSS,121
PD-L1-LUN-78,EVQLVESGGGSVQAGGSLKLSCAVS,AYTSSNAC,MGWFRQAPGKEREGVAI,ISGGGRTT,YYAGSVKGRFTISQERASNTLYLQMNSLKPEDTAMYYC,AARIGNCRGFRLFEYNY,WGQGTQVTVSS,EVQLVESGGGSVQAGGSLKLSCAVSAYTSSNACMGWFRQAPGKEREGVAIISGGGRTTYYAGSVKGRFTISQERASNTLYLQMNSLKPEDTAMYYCAARIGNCRGFRLFEYNYWGQGTQVTVSS,124
PD-L1-LUN-79,EVQLVESGGGSVQAGGSLRLSCTAS,GYTLVPKC,IAWFRQVPGKEREGVAI,INSDGST,KYADFVKGRFTISQDYAENTLYLQMNSLKPEDTAVYSC,AARIGNCYFNTLPKSNWYSY,WGQGTQVTVSS,EVQLVESGGGSVQAGGSLRLSCTASGYTLVPKCIAWFRQVPGKEREGVAIINSDGSTKYADFVKGRFTISQDYAENTLYLQMNSLKPEDTAVYSCAARIGNCYFNTLPKSNWYSYWGQGTQVTVSS,126
PD-L1-LUN-8,EVQLVESGGGSVQAGGSLRLSCAAS,GYFYS,IGWFRQAPGKEREGVAC,IGSRGST,LYTDSVKGRFTISKDNAKNTLYLQMNSLKPEDTAMYYC,AGALSWPLLVPTAVKA,WGQGTQVTVSS,EVQLVESGGGSVQAGGSLRLSCAASGYFYSIGWFRQAPGKEREGVACIGSRGSTLYTDSVKGRFTISKDNAKNTLYLQMNSLKPEDTAMYYCAGALSWPLLVPTAVKAWGQGTQVTVSS,119
PD-L1-LUN-80,EVQLVESGGGSVQAGGSLRLSCAAS,GDTSYSYC,LGWFRQAPGKEREGVAS,IYTLGGST,AYADSVKGRFTISQDNRKGALYLQMNSLKPEDTASYYC,AAQAVGKCGRSGLRTSLVPDDYWY,WGQGTQVTVSS,EVQLVESGGGSVQAGGSLRLSCAASGDTSYSYCLGWFRQAPGKEREGVASIYTLGGSTAYADSVKGRFTISQDNRKGALYLQMNSLKPEDTASYYCAAQAVGKCGRSGLRTSLVPDDYWYWGQGTQVTVSS,131
PD-L1-LUN-82,EVQLVESGGGSVQAGGSLRLSCTAS,GHTLVPKC,IAWFRQVPGKEREGVAI,INSDGST,KYADFVKGRFTISQDYAENTLYLQMNSLKPEDTAVYSC,AARIGNCYFNTLPKSNWYSY,WGQGTQVTVSS,EVQLVESGGGSVQAGGSLRLSCTASGHTLVPKCIAWFRQVPGKEREGVAIINSDGSTKYADFVKGRFTISQDYAENTLYLQMNSLKPEDTAVYSCAARIGNCYFNTLPKSNWYSYWGQGTQVTVSS,126
PD-L1-LUN-86,EVQLVESGGGSVQAGGSLRLSCAGS,GDTSISYC,LGWFRRAPGKEREGVAS,IYTLGGGT,AYADSIKGRFTISQDNAKGTLYLQMNSLKPEDTAMYYC,AAQAIGKCGRSGLRTSLIPDDYWY,WGQGTQVTVSS,EVQLVESGGGSVQAGGSLRLSCAGSGDTSISYCLGWFRRAPGKEREGVASIYTLGGGTAYADSIKGRFTISQDNAKGTLYLQMNSLKPEDTAMYYCAAQAIGKCGRSGLRTSLIPDDYWYWGQGTQVTVSS,131
PD-L1-LUN-88,EVQLVESGGGSVQAGGSLRLSCAAS,EYTVR,MAWFRQAPGKEREGVAV,FDASGRA,IYADSVKGRFTISRGNAEKTLYLQMNSLKHEDTAMYYC,AADNRRYYYPPPLSGQRYAY,WGQGTQVTVSS,EVQLVESGGGSVQAGGSLRLSCAASEYTVRMAWFRQAPGKEREGVAVFDASGRAIYADSVKGRFTISRGNAEKTLYLQMNSLKHEDTAMYYCAADNRRYYYPPPLSGQRYAYWGQGTQVTVSS,123
PD-L1-LUN-9,QVKLEESGGGLVQAGGSLRLSCEVA,ERTFARYS,MAWFRQAPGKEREFVAA,ISRNGART,DYADSVKGRFTIARDNAKNTVYLQMNTLKPEDTAVYYC,AQDRYTGSEYYIAPRVLSAYDE,WGQGTQVTVSS,QVKLEESGGGLVQAGGSLRLSCEVAERTFARYSMAWFRQAPGKEREFVAAISRNGARTDYADSVKGRFTIARDNAKNTVYLQMNTLKPEDTAVYYCAQDRYTGSEYYIAPRVLSAYDEWGQGTQVTVSS,129
PD-L1-LUN-90,EVQLVESGGGSVQAGGSLRLSCVAS,GHTSSRYS,MGWFRQAPGKERERVAA,IASTGTT,VYADSVKGRFTISRDNAKNTLYLQMNSLKPEDTAMYYC,AADVLFAPVLKNTPRY,WGQGTQVTVSS,EVQLVESGGGSVQAGGSLRLSCVASGHTSSRYSMGWFRQAPGKERERVAAIASTGTTVYADSVKGRFTISRDNAKNTLYLQMNSLKPEDTAMYYCAADVLFAPVLKNTPRYWGQGTQVTVSS,122
PD-L1-LUN-91,EVQLVESGGGSVQAGGSLRLSCTAP,GFTSNACG,MKWYRQAEGKQREWVSS,ISTDGST,SYADSVKGRFTISKDKAKDTVYLQMNSLKPEDTAMYSC,KITSAYYSGSDCMNY,RGQGTQVTVSS,EVQLVESGGGSVQAGGSLRLSCTAPGFTSNACGMKWYRQAEGKQREWVSSISTDGSTSYADSVKGRFTISKDKAKDTVYLQMNSLKPEDTAMYSCKITSAYYSGSDCMNYRGQGTQVTVSS,121
PD-L1-LUN-92,EVQLVESGGGSVQAGGSLRLSCTAP,GFTSNACG,MKWYRQAEGKQREWVSS,ISTDGST,SYADSVKGRFTISKDKAKDTVYLQMNSLKPEDTAMYSC,KITSAYYSGSDCMNY,RGQGTQVTVSS,EVQLVESGGGSVQAGGSLRLSCTAPGFTSNACGMKWYRQAEGKQREWVSSISTDGSTSYADSVKGRFTISKDKAKDTVYLQMNSLKPEDTAMYSCKITSAYYSGSDCMNYRGQGTQVTVSS,121
PD-L1-LUN-93,EVQLVESGGGSVQPGGSLRLSCVAS,GSTSSSYT,MAWFRQAPGKERELVAG,INSNTR,TYANSVKGRFTISQDNAKNTLYLQMNSLKPADTAMYYC,AADRLLSRVLSGRASA,WGQGTQVTVSP,EVQLVESGGGSVQPGGSLRLSCVASGSTSSSYTMAWFRQAPGKERELVAGINSNTRTYANSVKGRFTISQDNAKNTLYLQMNSLKPADTAMYYCAADRLLSRVLSGRASAWGQGTQVTVSP,121
PD-L1-LUN-94,EVQLVESGGGSVQAGGSLRISCTAP,GFTSNSCG,IHWYRQTTARYREWVSS,ISPTGTT,TYADSVKGRFTISKDSAKDTVYLQMNSLKPEDTALYSC,KTFKTPFGGDCWSD,WGQGTQVTVSS,EVQLVESGGGSVQAGGSLRISCTAPGFTSNSCGIHWYRQTTARYREWVSSISPTGTTTYADSVKGRFTISKDSAKDTVYLQMNSLKPEDTALYSCKTFKTPFGGDCWSDWGQGTQVTVSS,120
PD-L1-LUN-95,EVQLVESGGGSVQAGGSLRLSCTAS,GHEYSSYY,MAWFRQAPGKEREGVAL,IDSVGRT,SYADRVKGRFTISKDNAMNTLYLQMHSLKPTDTAMYYC,ASRLDCTDSRFYFFSRNFGC,WGQGTQVTVSA,EVQLVESGGGSVQAGGSLRLSCTASGHEYSSYYMAWFRQAPGKEREGVALIDSVGRTSYADRVKGRFTISKDNAMNTLYLQMHSLKPTDTAMYYCASRLDCTDSRFYFFSRNFGCWGQGTQVTVSA,126
PD-L1-LUN-96,EVQLVESGGGSVQTGGSLKLSCAVS,GYTSGNYC,MGWFRQAPGKEREGVAI,ISSGGRTT,YYTTSVKGRFTISQERASNTLYLQMNSLKPEDTAMYYC,AARIGGCRGFRLFDYNY,WGQGTQVTVSS,EVQLVESGGGSVQTGGSLKLSCAVSGYTSGNYCMGWFRQAPGKEREGVAIISSGGRTTYYTTSVKGRFTISQERASNTLYLQMNSLKPEDTAMYYCAARIGGCRGFRLFDYNYWGQGTQVTVSS,124
